Frame Count;Start Time;End Time
;New Text;
0;26.01.2024 17:01;
1;26.01.2024 17:01;
2;2024-01-26 17:01:47.009;
3;2024-01-26 17:01:47.037;
4;2024-01-26 17:01:47.075;
5;26.01.2024 17:01;
6;26.01.2024 17:01;
7;26.01.2024 17:01;
8;26.01.2024 17:01;
9;26.01.2024 17:01;
10;26.01.2024 17:01;
11;26.01.2024 17:01;
12;26.01.2024 17:01;
13;26.01.2024 17:01;
14;26.01.2024 17:01;
15;26.01.2024 17:01;
16;26.01.2024 17:01;
17;26.01.2024 17:01;
18;26.01.2024 17:01;
19;26.01.2024 17:01;
20;26.01.2024 17:01;
21;26.01.2024 17:01;
22;26.01.2024 17:01;
23;26.01.2024 17:01;
24;26.01.2024 17:01;
25;26.01.2024 17:01;
26;26.01.2024 17:01;
27;26.01.2024 17:01;
28;26.01.2024 17:01;
29;26.01.2024 17:01;
30;26.01.2024 17:01;
31;26.01.2024 17:01;
32;2024-01-26 17:01:48.028;
33;2024-01-26 17:01:48.049;
34;2024-01-26 17:01:48.079;
35;26.01.2024 17:01;
36;26.01.2024 17:01;
37;26.01.2024 17:01;
38;26.01.2024 17:01;
39;26.01.2024 17:01;
40;26.01.2024 17:01;
41;26.01.2024 17:01;
42;26.01.2024 17:01;
43;26.01.2024 17:01;
44;26.01.2024 17:01;
45;26.01.2024 17:01;
46;26.01.2024 17:01;
47;26.01.2024 17:01;
48;26.01.2024 17:01;
49;26.01.2024 17:01;
50;26.01.2024 17:01;
51;26.01.2024 17:01;
52;26.01.2024 17:01;
53;26.01.2024 17:01;
54;26.01.2024 17:01;
55;26.01.2024 17:01;
56;26.01.2024 17:01;
57;26.01.2024 17:01;
58;26.01.2024 17:01;
59;26.01.2024 17:01;
60;26.01.2024 17:01;
61;26.01.2024 17:01;
62;2024-01-26 17:01:49.023;
63;2024-01-26 17:01:49.059;
64;2024-01-26 17:01:49.090;
65;26.01.2024 17:01;
66;26.01.2024 17:01;
67;26.01.2024 17:01;
68;26.01.2024 17:01;
69;26.01.2024 17:01;
70;26.01.2024 17:01;
71;26.01.2024 17:01;
72;26.01.2024 17:01;
73;26.01.2024 17:01;
74;26.01.2024 17:01;
75;26.01.2024 17:01;
76;26.01.2024 17:01;
77;26.01.2024 17:01;
78;26.01.2024 17:01;
79;26.01.2024 17:01;
80;26.01.2024 17:01;
81;26.01.2024 17:01;
82;26.01.2024 17:01;
83;26.01.2024 17:01;
84;26.01.2024 17:01;
85;26.01.2024 17:01;
86;26.01.2024 17:01;
87;26.01.2024 17:01;
88;26.01.2024 17:01;
89;26.01.2024 17:01;
90;26.01.2024 17:01;
91;26.01.2024 17:01;
92;2024-01-26 17:01:50.026;
93;2024-01-26 17:01:50.059;
94;2024-01-26 17:01:50.092;
95;26.01.2024 17:01;
96;26.01.2024 17:01;
97;26.01.2024 17:01;
98;26.01.2024 17:01;
99;26.01.2024 17:01;
100;26.01.2024 17:01;
101;26.01.2024 17:01;
102;26.01.2024 17:01;
103;26.01.2024 17:01;
104;26.01.2024 17:01;
105;26.01.2024 17:01;
106;26.01.2024 17:01;
107;26.01.2024 17:01;
108;26.01.2024 17:01;
109;26.01.2024 17:01;
110;26.01.2024 17:01;
111;26.01.2024 17:01;
112;26.01.2024 17:01;
113;26.01.2024 17:01;
114;26.01.2024 17:01;
115;26.01.2024 17:01;
116;26.01.2024 17:01;
117;26.01.2024 17:01;
118;26.01.2024 17:01;
119;26.01.2024 17:01;
120;26.01.2024 17:01;
121;26.01.2024 17:01;
122;2024-01-26 17:01:51.024;
123;2024-01-26 17:01:51.062;
124;2024-01-26 17:01:51.091;
125;26.01.2024 17:01;
126;26.01.2024 17:01;
127;26.01.2024 17:01;
128;26.01.2024 17:01;
129;26.01.2024 17:01;
130;26.01.2024 17:01;
131;26.01.2024 17:01;
132;26.01.2024 17:01;
133;26.01.2024 17:01;
134;26.01.2024 17:01;
135;26.01.2024 17:01;
136;26.01.2024 17:01;
137;26.01.2024 17:01;
138;26.01.2024 17:01;
139;26.01.2024 17:01;
140;26.01.2024 17:01;
141;26.01.2024 17:01;
142;26.01.2024 17:01;
143;26.01.2024 17:01;
144;26.01.2024 17:01;
145;26.01.2024 17:01;
146;26.01.2024 17:01;
147;26.01.2024 17:01;
148;26.01.2024 17:01;
149;26.01.2024 17:01;
150;26.01.2024 17:01;
151;26.01.2024 17:01;
152;2024-01-26 17:01:52.032;
153;26.01.2024 17:01;
154;26.01.2024 17:01;
155;26.01.2024 17:01;
156;26.01.2024 17:01;
157;26.01.2024 17:01;
158;26.01.2024 17:01;
159;26.01.2024 17:01;
160;26.01.2024 17:01;
161;26.01.2024 17:01;
162;26.01.2024 17:01;
163;26.01.2024 17:01;
164;26.01.2024 17:01;
165;26.01.2024 17:01;
166;26.01.2024 17:01;
167;26.01.2024 17:01;
168;2024-01-26 17:01:57.028;
169;2024-01-26 17:01:57.078;
170;26.01.2024 17:01;
171;26.01.2024 17:01;
172;26.01.2024 17:01;
173;26.01.2024 17:01;
174;26.01.2024 17:01;
175;26.01.2024 17:01;
176;26.01.2024 17:01;
177;26.01.2024 17:01;
178;26.01.2024 17:01;
179;26.01.2024 17:01;
180;26.01.2024 17:01;
181;26.01.2024 17:01;
182;26.01.2024 17:01;
183;26.01.2024 17:01;
184;26.01.2024 17:01;
185;26.01.2024 17:01;
186;26.01.2024 17:01;
187;26.01.2024 17:01;
188;26.01.2024 17:01;
189;26.01.2024 17:01;
190;26.01.2024 17:01;
191;26.01.2024 17:01;
192;26.01.2024 17:01;
193;26.01.2024 17:01;
194;26.01.2024 17:01;
195;26.01.2024 17:01;
196;26.01.2024 17:01;
197;2024-01-26 17:01:58.010;
198;2024-01-26 17:01:58.033;
199;2024-01-26 17:01:58.075;
200;26.01.2024 17:01;
201;26.01.2024 17:01;
202;26.01.2024 17:01;
203;26.01.2024 17:01;
204;26.01.2024 17:01;
205;26.01.2024 17:01;
206;26.01.2024 17:01;
207;26.01.2024 17:01;
208;26.01.2024 17:01;
209;26.01.2024 17:01;
210;26.01.2024 17:01;
211;26.01.2024 17:01;
212;26.01.2024 17:01;
213;26.01.2024 17:01;
214;26.01.2024 17:01;
215;26.01.2024 17:01;
216;26.01.2024 17:01;
217;26.01.2024 17:01;
218;26.01.2024 17:01;
219;26.01.2024 17:01;
220;26.01.2024 17:01;
221;26.01.2024 17:01;
222;26.01.2024 17:01;
223;26.01.2024 17:01;
224;26.01.2024 17:01;
225;26.01.2024 17:01;
226;26.01.2024 17:01;
227;2024-01-26 17:01:59.004;
228;2024-01-26 17:01:59.060;
229;2024-01-26 17:01:59.093;
230;26.01.2024 17:01;
231;26.01.2024 17:01;
232;26.01.2024 17:01;
233;26.01.2024 17:01;
234;26.01.2024 17:01;
235;26.01.2024 17:01;
236;26.01.2024 17:01;
237;26.01.2024 17:01;
238;26.01.2024 17:01;
239;26.01.2024 17:01;
240;26.01.2024 17:01;
241;26.01.2024 17:01;
242;26.01.2024 17:01;
243;26.01.2024 17:01;
244;26.01.2024 17:01;
245;26.01.2024 17:01;
246;26.01.2024 17:01;
247;26.01.2024 17:01;
248;26.01.2024 17:01;
249;26.01.2024 17:01;
250;26.01.2024 17:01;
251;26.01.2024 17:01;
252;26.01.2024 17:01;
253;26.01.2024 17:01;
254;26.01.2024 17:01;
255;26.01.2024 17:01;
256;26.01.2024 17:01;
257;2024-01-26 17:02:00.021;
258;2024-01-26 17:02:00.048;
259;2024-01-26 17:02:00.093;
260;26.01.2024 17:02;
261;26.01.2024 17:02;
262;26.01.2024 17:02;
263;26.01.2024 17:02;
264;26.01.2024 17:02;
265;26.01.2024 17:02;
266;26.01.2024 17:02;
267;26.01.2024 17:02;
268;26.01.2024 17:02;
269;26.01.2024 17:02;
270;26.01.2024 17:02;
271;26.01.2024 17:02;
272;26.01.2024 17:02;
273;26.01.2024 17:02;
274;26.01.2024 17:02;
275;26.01.2024 17:02;
276;26.01.2024 17:02;
277;26.01.2024 17:02;
278;26.01.2024 17:02;
279;26.01.2024 17:02;
280;26.01.2024 17:02;
281;26.01.2024 17:02;
282;26.01.2024 17:02;
283;2024-01-26 17:02:01.001;
284;2024-01-26 17:02:01.034;
285;2024-01-26 17:02:01.065;
286;2024-01-26 17:02:01.090;
287;26.01.2024 17:02;
288;26.01.2024 17:02;
289;26.01.2024 17:02;
290;26.01.2024 17:02;
291;26.01.2024 17:02;
292;26.01.2024 17:02;
293;26.01.2024 17:02;
294;26.01.2024 17:02;
295;26.01.2024 17:02;
296;26.01.2024 17:02;
297;26.01.2024 17:02;
298;26.01.2024 17:02;
299;26.01.2024 17:02;
300;26.01.2024 17:02;
301;26.01.2024 17:02;
302;26.01.2024 17:02;
303;26.01.2024 17:02;
304;26.01.2024 17:02;
305;26.01.2024 17:02;
306;26.01.2024 17:02;
307;26.01.2024 17:02;
308;26.01.2024 17:02;
309;26.01.2024 17:02;
310;26.01.2024 17:02;
311;26.01.2024 17:02;
312;26.01.2024 17:02;
313;26.01.2024 17:02;
314;2024-01-26 17:02:02.035;
315;2024-01-26 17:02:02.070;
316;26.01.2024 17:02;
317;26.01.2024 17:02;
318;26.01.2024 17:02;
319;26.01.2024 17:02;
320;26.01.2024 17:02;
321;26.01.2024 17:02;
322;26.01.2024 17:02;
323;26.01.2024 17:02;
324;26.01.2024 17:02;
325;26.01.2024 17:02;
326;26.01.2024 17:02;
327;26.01.2024 17:02;
328;26.01.2024 17:02;
329;26.01.2024 17:02;
330;26.01.2024 17:02;
331;26.01.2024 17:02;
332;26.01.2024 17:02;
333;26.01.2024 17:02;
334;26.01.2024 17:02;
335;26.01.2024 17:02;
336;26.01.2024 17:02;
337;26.01.2024 17:02;
338;26.01.2024 17:02;
339;26.01.2024 17:02;
340;26.01.2024 17:02;
341;26.01.2024 17:02;
342;26.01.2024 17:02;
343;26.01.2024 17:02;
344;2024-01-26 17:02:03.031;
345;2024-01-26 17:02:03.066;
346;26.01.2024 17:02;
347;26.01.2024 17:02;
348;26.01.2024 17:02;
349;26.01.2024 17:02;
350;26.01.2024 17:02;
351;26.01.2024 17:02;
352;26.01.2024 17:02;
353;26.01.2024 17:02;
354;26.01.2024 17:02;
355;26.01.2024 17:02;
356;26.01.2024 17:02;
357;26.01.2024 17:02;
358;26.01.2024 17:02;
359;26.01.2024 17:02;
360;26.01.2024 17:02;
361;26.01.2024 17:02;
362;26.01.2024 17:02;
363;26.01.2024 17:02;
364;26.01.2024 17:02;
365;26.01.2024 17:02;
366;26.01.2024 17:02;
367;26.01.2024 17:02;
368;26.01.2024 17:02;
369;26.01.2024 17:02;
370;26.01.2024 17:02;
371;26.01.2024 17:02;
372;26.01.2024 17:02;
373;2024-01-26 17:02:04.006;
374;2024-01-26 17:02:04.032;
375;2024-01-26 17:02:04.065;
376;26.01.2024 17:02;
377;26.01.2024 17:02;
378;26.01.2024 17:02;
379;26.01.2024 17:02;
380;26.01.2024 17:02;
381;26.01.2024 17:02;
382;26.01.2024 17:02;
383;26.01.2024 17:02;
384;26.01.2024 17:02;
385;26.01.2024 17:02;
386;26.01.2024 17:02;
387;26.01.2024 17:02;
388;26.01.2024 17:02;
389;26.01.2024 17:02;
390;26.01.2024 17:02;
391;26.01.2024 17:02;
392;26.01.2024 17:02;
393;26.01.2024 17:02;
394;26.01.2024 17:02;
395;26.01.2024 17:02;
396;26.01.2024 17:02;
397;26.01.2024 17:02;
398;26.01.2024 17:02;
399;26.01.2024 17:02;
400;26.01.2024 17:02;
401;26.01.2024 17:02;
402;26.01.2024 17:02;
403;26.01.2024 17:02;
404;2024-01-26 17:02:05.040;
405;2024-01-26 17:02:05.062;
406;26.01.2024 17:02;
407;26.01.2024 17:02;
408;26.01.2024 17:02;
409;26.01.2024 17:02;
410;26.01.2024 17:02;
411;26.01.2024 17:02;
412;26.01.2024 17:02;
413;26.01.2024 17:02;
414;26.01.2024 17:02;
415;26.01.2024 17:02;
416;26.01.2024 17:02;
417;26.01.2024 17:02;
418;26.01.2024 17:02;
419;26.01.2024 17:02;
420;26.01.2024 17:02;
421;26.01.2024 17:02;
422;26.01.2024 17:02;
423;26.01.2024 17:02;
424;26.01.2024 17:02;
425;26.01.2024 17:02;
426;26.01.2024 17:02;
427;26.01.2024 17:02;
428;26.01.2024 17:02;
429;26.01.2024 17:02;
430;26.01.2024 17:02;
431;26.01.2024 17:02;
432;26.01.2024 17:02;
433;2024-01-26 17:02:06.003;
434;2024-01-26 17:02:06.037;
435;2024-01-26 17:02:06.069;
436;26.01.2024 17:02;
437;26.01.2024 17:02;
438;26.01.2024 17:02;
439;26.01.2024 17:02;
440;26.01.2024 17:02;
441;26.01.2024 17:02;
442;26.01.2024 17:02;
443;26.01.2024 17:02;
444;26.01.2024 17:02;
445;26.01.2024 17:02;
446;26.01.2024 17:02;
447;26.01.2024 17:02;
448;26.01.2024 17:02;
449;26.01.2024 17:02;
450;26.01.2024 17:02;
451;26.01.2024 17:02;
452;26.01.2024 17:02;
453;26.01.2024 17:02;
454;26.01.2024 17:02;
455;26.01.2024 17:02;26.01.2024 17:02
456;26.01.2024 17:02;
457;26.01.2024 17:02;
458;26.01.2024 17:02;
459;26.01.2024 17:02;
460;26.01.2024 17:02;
461;26.01.2024 17:02;
462;26.01.2024 17:02;
463;2024-01-26 17:02:07.003;
464;2024-01-26 17:02:07.035;
465;2024-01-26 17:02:07.070;26.01.2024 17:02
466;26.01.2024 17:02;
467;26.01.2024 17:02;
468;26.01.2024 17:02;
469;26.01.2024 17:02;
470;26.01.2024 17:02;
471;26.01.2024 17:02;
472;26.01.2024 17:02;
473;26.01.2024 17:02;
474;26.01.2024 17:02;
475;26.01.2024 17:02;
476;26.01.2024 17:02;
477;26.01.2024 17:02;
478;26.01.2024 17:02;
479;26.01.2024 17:02;
480;26.01.2024 17:02;
481;26.01.2024 17:02;
482;26.01.2024 17:02;
483;26.01.2024 17:02;
484;26.01.2024 17:02;
485;26.01.2024 17:02;
486;26.01.2024 17:02;
487;26.01.2024 17:02;
488;26.01.2024 17:02;
489;26.01.2024 17:02;
490;26.01.2024 17:02;
491;26.01.2024 17:02;
492;26.01.2024 17:02;
493;2024-01-26 17:02:08.004;
494;2024-01-26 17:02:08.034;
495;2024-01-26 17:02:08.071;
496;26.01.2024 17:02;
497;26.01.2024 17:02;
498;26.01.2024 17:02;
499;26.01.2024 17:02;
500;26.01.2024 17:02;
501;26.01.2024 17:02;
502;26.01.2024 17:02;
503;26.01.2024 17:02;
504;26.01.2024 17:02;
505;26.01.2024 17:02;26.01.2024 17:02
506;26.01.2024 17:02;
507;26.01.2024 17:02;
508;26.01.2024 17:02;
509;26.01.2024 17:02;
510;26.01.2024 17:02;
511;26.01.2024 17:02;
512;26.01.2024 17:02;
513;26.01.2024 17:02;
514;26.01.2024 17:02;
515;26.01.2024 17:02;
516;26.01.2024 17:02;
517;26.01.2024 17:02;
518;26.01.2024 17:02;
519;26.01.2024 17:02;
520;26.01.2024 17:02;
521;26.01.2024 17:02;
522;26.01.2024 17:02;
523;2024-01-26 17:02:09.002;
524;2024-01-26 17:02:09.037;
525;2024-01-26 17:02:09.071;
526;2024-01-26 17:02:09.093;
527;26.01.2024 17:02;
528;26.01.2024 17:02;
529;26.01.2024 17:02;
530;26.01.2024 17:02;
531;26.01.2024 17:02;
532;26.01.2024 17:02;
533;26.01.2024 17:02;26.01.2024 17:02
534;26.01.2024 17:02;
535;26.01.2024 17:02;
536;26.01.2024 17:02;
537;26.01.2024 17:02;
538;26.01.2024 17:02;
539;26.01.2024 17:02;26.01.2024 17:02
540;26.01.2024 17:02;
541;26.01.2024 17:02;
542;26.01.2024 17:02;
543;26.01.2024 17:02;
544;26.01.2024 17:02;
545;26.01.2024 17:02;
546;26.01.2024 17:02;
547;26.01.2024 17:02;
548;26.01.2024 17:02;
549;26.01.2024 17:02;
550;26.01.2024 17:02;
551;26.01.2024 17:02;
552;26.01.2024 17:02;
553;2024-01-26 17:02:10.004;
554;2024-01-26 17:02:10.033;
555;2024-01-26 17:02:10.072;
556;26.01.2024 17:02;
557;26.01.2024 17:02;
558;26.01.2024 17:02;
559;26.01.2024 17:02;
560;26.01.2024 17:02;
561;26.01.2024 17:02;26.01.2024 17:02
562;26.01.2024 17:02;
563;26.01.2024 17:02;
564;26.01.2024 17:02;
565;26.01.2024 17:02;
566;26.01.2024 17:02;
567;26.01.2024 17:02;
568;26.01.2024 17:02;26.01.2024 17:02
569;26.01.2024 17:02;
570;26.01.2024 17:02;
571;26.01.2024 17:02;
572;26.01.2024 17:02;
573;26.01.2024 17:02;
574;26.01.2024 17:02;
575;26.01.2024 17:02;
576;26.01.2024 17:02;
577;26.01.2024 17:02;
578;26.01.2024 17:02;
579;26.01.2024 17:02;
580;26.01.2024 17:02;
581;26.01.2024 17:02;
582;26.01.2024 17:02;2024-01-26 17:02:11.045
583;2024-01-26 17:02:11.004;
584;2024-01-26 17:02:11.033;
585;2024-01-26 17:02:11.065;
586;26.01.2024 17:02;
587;26.01.2024 17:02;
588;26.01.2024 17:02;
589;26.01.2024 17:02;26.01.2024 17:02
590;26.01.2024 17:02;
591;26.01.2024 17:02;
592;26.01.2024 17:02;
593;26.01.2024 17:02;
594;26.01.2024 17:02;
595;26.01.2024 17:02;
596;26.01.2024 17:02;
597;26.01.2024 17:02;
598;26.01.2024 17:02;
599;26.01.2024 17:02;
600;26.01.2024 17:02;
601;26.01.2024 17:02;
602;26.01.2024 17:02;
603;26.01.2024 17:02;
604;26.01.2024 17:02;
605;26.01.2024 17:02;
606;26.01.2024 17:02;
607;26.01.2024 17:02;
608;26.01.2024 17:02;
609;26.01.2024 17:02;
610;26.01.2024 17:02;
611;26.01.2024 17:02;
612;26.01.2024 17:02;
613;2024-01-26 17:02:12.001;
614;2024-01-26 17:02:12.037;
615;2024-01-26 17:02:12.066;
616;26.01.2024 17:02;
617;26.01.2024 17:02;
618;26.01.2024 17:02;
619;26.01.2024 17:02;26.01.2024 17:02
620;26.01.2024 17:02;
621;26.01.2024 17:02;
622;26.01.2024 17:02;
623;26.01.2024 17:02;
624;26.01.2024 17:02;
625;26.01.2024 17:02;
626;26.01.2024 17:02;
627;26.01.2024 17:02;
628;26.01.2024 17:02;
629;26.01.2024 17:02;
630;26.01.2024 17:02;
631;26.01.2024 17:02;
632;26.01.2024 17:02;
633;26.01.2024 17:02;
634;26.01.2024 17:02;
635;26.01.2024 17:02;
636;26.01.2024 17:02;
637;26.01.2024 17:02;
638;26.01.2024 17:02;
639;26.01.2024 17:02;
640;26.01.2024 17:02;
641;26.01.2024 17:02;
642;26.01.2024 17:02;
643;26.01.2024 17:02;
644;2024-01-26 17:02:13.032;
645;2024-01-26 17:02:13.065;
646;26.01.2024 17:02;
647;26.01.2024 17:02;
648;26.01.2024 17:02;
649;26.01.2024 17:02;
650;26.01.2024 17:02;
651;26.01.2024 17:02;
652;26.01.2024 17:02;
653;26.01.2024 17:02;
654;26.01.2024 17:02;
655;26.01.2024 17:02;
656;26.01.2024 17:02;
657;26.01.2024 17:02;
658;26.01.2024 17:02;26.01.2024 17:02
659;26.01.2024 17:02;
660;26.01.2024 17:02;
661;26.01.2024 17:02;
662;26.01.2024 17:02;
663;26.01.2024 17:02;
664;26.01.2024 17:02;
665;26.01.2024 17:02;
666;26.01.2024 17:02;
667;26.01.2024 17:02;
668;26.01.2024 17:02;
669;26.01.2024 17:02;
670;26.01.2024 17:02;
671;26.01.2024 17:02;
672;26.01.2024 17:02;
673;2024-01-26 17:02:14.001;
674;2024-01-26 17:02:14.034;
675;2024-01-26 17:02:14.069;
676;26.01.2024 17:02;
677;26.01.2024 17:02;
678;26.01.2024 17:02;
679;26.01.2024 17:02;
680;26.01.2024 17:02;
681;26.01.2024 17:02;
682;26.01.2024 17:02;
683;26.01.2024 17:02;
684;26.01.2024 17:02;
685;26.01.2024 17:02;26.01.2024 17:02
686;26.01.2024 17:02;
687;26.01.2024 17:02;
688;26.01.2024 17:02;
689;26.01.2024 17:02;
690;26.01.2024 17:02;
691;26.01.2024 17:02;
692;26.01.2024 17:02;
693;26.01.2024 17:02;
694;26.01.2024 17:02;
695;26.01.2024 17:02;
696;26.01.2024 17:02;
697;26.01.2024 17:02;
698;26.01.2024 17:02;
699;26.01.2024 17:02;
700;26.01.2024 17:02;
701;26.01.2024 17:02;
702;26.01.2024 17:02;
703;2024-01-26 17:02:15.000;
704;2024-01-26 17:02:15.036;
705;2024-01-26 17:02:15.065;
706;26.01.2024 17:02;
707;26.01.2024 17:02;
708;26.01.2024 17:02;
709;26.01.2024 17:02;
710;26.01.2024 17:02;
711;26.01.2024 17:02;
712;26.01.2024 17:02;
713;26.01.2024 17:02;
714;26.01.2024 17:02;
715;26.01.2024 17:02;
716;26.01.2024 17:02;
717;26.01.2024 17:02;
718;26.01.2024 17:02;
719;26.01.2024 17:02;
720;26.01.2024 17:02;
721;26.01.2024 17:02;
722;26.01.2024 17:02;
723;26.01.2024 17:02;
724;26.01.2024 17:02;
725;26.01.2024 17:02;
726;26.01.2024 17:02;
727;26.01.2024 17:02;
728;26.01.2024 17:02;26.01.2024 17:02
729;26.01.2024 17:02;
730;26.01.2024 17:02;
731;26.01.2024 17:02;
732;26.01.2024 17:02;
733;2024-01-26 17:02:16.003;
734;2024-01-26 17:02:16.037;
735;2024-01-26 17:02:16.065;
736;26.01.2024 17:02;
737;26.01.2024 17:02;
738;26.01.2024 17:02;
739;26.01.2024 17:02;
740;26.01.2024 17:02;26.01.2024 17:02
741;26.01.2024 17:02;
742;26.01.2024 17:02;
743;26.01.2024 17:02;
744;26.01.2024 17:02;
745;26.01.2024 17:02;
746;26.01.2024 17:02;
747;26.01.2024 17:02;
748;26.01.2024 17:02;26.01.2024 17:02
749;26.01.2024 17:02;
750;26.01.2024 17:02;
751;26.01.2024 17:02;
752;26.01.2024 17:02;
753;26.01.2024 17:02;
754;26.01.2024 17:02;
755;26.01.2024 17:02;
756;26.01.2024 17:02;
757;26.01.2024 17:02;
758;26.01.2024 17:02;
759;26.01.2024 17:02;
760;26.01.2024 17:02;
761;26.01.2024 17:02;
762;26.01.2024 17:02;
763;26.01.2024 17:02;
764;2024-01-26 17:02:17.035;
765;2024-01-26 17:02:17.064;
766;2024-01-26 17:02:17.099;
767;26.01.2024 17:02;
768;26.01.2024 17:02;
769;26.01.2024 17:02;
770;26.01.2024 17:02;
771;26.01.2024 17:02;26.01.2024 17:02
772;26.01.2024 17:02;
773;26.01.2024 17:02;
774;26.01.2024 17:02;
775;26.01.2024 17:02;
776;26.01.2024 17:02;
777;26.01.2024 17:02;26.01.2024 17:02
778;26.01.2024 17:02;
779;26.01.2024 17:02;
780;26.01.2024 17:02;
781;26.01.2024 17:02;
782;26.01.2024 17:02;
783;26.01.2024 17:02;
784;26.01.2024 17:02;
785;26.01.2024 17:02;
786;26.01.2024 17:02;
787;26.01.2024 17:02;
788;26.01.2024 17:02;
789;26.01.2024 17:02;
790;26.01.2024 17:02;
791;26.01.2024 17:02;
792;26.01.2024 17:02;
793;26.01.2024 17:02;
794;2024-01-26 17:02:18.032;
795;2024-01-26 17:02:18.066;
796;26.01.2024 17:02;
797;26.01.2024 17:02;
798;26.01.2024 17:02;
799;26.01.2024 17:02;
800;26.01.2024 17:02;
801;26.01.2024 17:02;
802;26.01.2024 17:02;
803;26.01.2024 17:02;
804;26.01.2024 17:02;
805;26.01.2024 17:02;
806;26.01.2024 17:02;
807;26.01.2024 17:02;
808;26.01.2024 17:02;26.01.2024 17:02
809;26.01.2024 17:02;
810;26.01.2024 17:02;
811;26.01.2024 17:02;
812;26.01.2024 17:02;
813;26.01.2024 17:02;
814;26.01.2024 17:02;
815;26.01.2024 17:02;
816;26.01.2024 17:02;26.01.2024 17:02
817;26.01.2024 17:02;
818;26.01.2024 17:02;
819;26.01.2024 17:02;
820;26.01.2024 17:02;
821;26.01.2024 17:02;
822;26.01.2024 17:02;
823;2024-01-26 17:02:19.001;
824;2024-01-26 17:02:19.033;
825;2024-01-26 17:02:19.068;
826;26.01.2024 17:02;
827;26.01.2024 17:02;
828;26.01.2024 17:02;
829;26.01.2024 17:02;
830;26.01.2024 17:02;
831;26.01.2024 17:02;
832;26.01.2024 17:02;
833;26.01.2024 17:02;
834;26.01.2024 17:02;
835;26.01.2024 17:02;26.01.2024 17:02
836;26.01.2024 17:02;
837;26.01.2024 17:02;
838;26.01.2024 17:02;
839;26.01.2024 17:02;
840;26.01.2024 17:02;
841;26.01.2024 17:02;
842;26.01.2024 17:02;
843;26.01.2024 17:02;
844;26.01.2024 17:02;26.01.2024 17:02
845;26.01.2024 17:02;
846;26.01.2024 17:02;
847;26.01.2024 17:02;
848;26.01.2024 17:02;
849;26.01.2024 17:02;
850;26.01.2024 17:02;
851;26.01.2024 17:02;
852;26.01.2024 17:02;
853;2024-01-26 17:02:20.001;
854;2024-01-26 17:02:20.036;
855;2024-01-26 17:02:20.064;
856;26.01.2024 17:02;
857;26.01.2024 17:02;
858;26.01.2024 17:02;
859;26.01.2024 17:02;
860;26.01.2024 17:02;
861;26.01.2024 17:02;
862;26.01.2024 17:02;
863;26.01.2024 17:02;
864;26.01.2024 17:02;
865;26.01.2024 17:02;
866;26.01.2024 17:02;
867;26.01.2024 17:02;
868;26.01.2024 17:02;
869;26.01.2024 17:02;
870;26.01.2024 17:02;
871;26.01.2024 17:02;
872;26.01.2024 17:02;
873;26.01.2024 17:02;
874;26.01.2024 17:02;
875;26.01.2024 17:02;
876;26.01.2024 17:02;
877;26.01.2024 17:02;26.01.2024 17:02
878;26.01.2024 17:02;
879;26.01.2024 17:02;
880;26.01.2024 17:02;
881;26.01.2024 17:02;
882;26.01.2024 17:02;
883;2024-01-26 17:02:21.000;
884;2024-01-26 17:02:21.037;
885;2024-01-26 17:02:21.069;
886;26.01.2024 17:02;
887;26.01.2024 17:02;
888;26.01.2024 17:02;
889;26.01.2024 17:02;
890;26.01.2024 17:02;
891;26.01.2024 17:02;26.01.2024 17:02
892;26.01.2024 17:02;
893;26.01.2024 17:02;
894;26.01.2024 17:02;
895;26.01.2024 17:02;
896;26.01.2024 17:02;
897;26.01.2024 17:02;
898;26.01.2024 17:02;
899;26.01.2024 17:02;
900;26.01.2024 17:02;
901;26.01.2024 17:02;
902;26.01.2024 17:02;
903;26.01.2024 17:02;
904;26.01.2024 17:02;
905;26.01.2024 17:02;
906;26.01.2024 17:02;
907;26.01.2024 17:02;
908;26.01.2024 17:02;
909;26.01.2024 17:02;
910;26.01.2024 17:02;
911;26.01.2024 17:02;
912;26.01.2024 17:02;
913;2024-01-26 17:02:22.004;
914;2024-01-26 17:02:22.035;
915;2024-01-26 17:02:22.066;
916;26.01.2024 17:02;
917;26.01.2024 17:02;
918;26.01.2024 17:02;26.01.2024 17:02
919;26.01.2024 17:02;
920;26.01.2024 17:02;
921;26.01.2024 17:02;
922;26.01.2024 17:02;
923;26.01.2024 17:02;
924;26.01.2024 17:02;
925;26.01.2024 17:02;
926;26.01.2024 17:02;
927;26.01.2024 17:02;
928;26.01.2024 17:02;
929;26.01.2024 17:02;26.01.2024 17:02
930;26.01.2024 17:02;
931;26.01.2024 17:02;
932;26.01.2024 17:02;
933;26.01.2024 17:02;
934;26.01.2024 17:02;
935;26.01.2024 17:02;
936;26.01.2024 17:02;
937;26.01.2024 17:02;26.01.2024 17:02
938;26.01.2024 17:02;
939;26.01.2024 17:02;
940;26.01.2024 17:02;
941;26.01.2024 17:02;
942;26.01.2024 17:02;
943;2024-01-26 17:02:23.000;
944;2024-01-26 17:02:23.038;26.01.2024 17:02
945;2024-01-26 17:02:23.067;
946;26.01.2024 17:02;
947;26.01.2024 17:02;
948;26.01.2024 17:02;
949;26.01.2024 17:02;
950;26.01.2024 17:02;
951;26.01.2024 17:02;
952;26.01.2024 17:02;
953;26.01.2024 17:02;
954;26.01.2024 17:02;
955;26.01.2024 17:02;
956;26.01.2024 17:02;
957;26.01.2024 17:02;
958;26.01.2024 17:02;
959;26.01.2024 17:02;
960;26.01.2024 17:02;
961;26.01.2024 17:02;
962;26.01.2024 17:02;
963;26.01.2024 17:02;
964;26.01.2024 17:02;
965;26.01.2024 17:02;
966;26.01.2024 17:02;
967;26.01.2024 17:02;
968;26.01.2024 17:02;
969;26.01.2024 17:02;
970;26.01.2024 17:02;
971;26.01.2024 17:02;
972;26.01.2024 17:02;
973;2024-01-26 17:02:24.002;
974;2024-01-26 17:02:24.033;
975;2024-01-26 17:02:24.071;
976;26.01.2024 17:02;
977;26.01.2024 17:02;
978;26.01.2024 17:02;
979;26.01.2024 17:02;
980;26.01.2024 17:02;
981;26.01.2024 17:02;
982;26.01.2024 17:02;26.01.2024 17:02
983;26.01.2024 17:02;
984;26.01.2024 17:02;
985;26.01.2024 17:02;
986;26.01.2024 17:02;
987;26.01.2024 17:02;
988;26.01.2024 17:02;
989;26.01.2024 17:02;
990;26.01.2024 17:02;
991;26.01.2024 17:02;
992;26.01.2024 17:02;
993;26.01.2024 17:02;
994;26.01.2024 17:02;
995;26.01.2024 17:02;26.01.2024 17:02
996;26.01.2024 17:02;
997;26.01.2024 17:02;
998;26.01.2024 17:02;
999;26.01.2024 17:02;26.01.2024 17:02
1000;26.01.2024 17:02;
1001;26.01.2024 17:02;
1002;26.01.2024 17:02;2024-01-26 17:02:25.033
1003;2024-01-26 17:02:25.003;
1004;2024-01-26 17:02:25.026;
1005;2024-01-26 17:02:25.069;
1006;2024-01-26 17:02:25.098;
1007;26.01.2024 17:02;
1008;26.01.2024 17:02;26.01.2024 17:02
1009;26.01.2024 17:02;
1010;26.01.2024 17:02;
1011;26.01.2024 17:02;
1012;26.01.2024 17:02;
1013;26.01.2024 17:02;
1014;26.01.2024 17:02;
1015;26.01.2024 17:02;
1016;26.01.2024 17:02;
1017;26.01.2024 17:02;
1018;26.01.2024 17:02;26.01.2024 17:02
1019;26.01.2024 17:02;
1020;26.01.2024 17:02;
1021;26.01.2024 17:02;
1022;26.01.2024 17:02;
1023;26.01.2024 17:02;
1024;26.01.2024 17:02;
1025;26.01.2024 17:02;
1026;26.01.2024 17:02;
1027;26.01.2024 17:02;
1028;26.01.2024 17:02;
1029;26.01.2024 17:02;
1030;26.01.2024 17:02;
1031;26.01.2024 17:02;
1032;26.01.2024 17:02;
1033;26.01.2024 17:02;
1034;2024-01-26 17:02:26.039;
1035;2024-01-26 17:02:26.062;
1036;26.01.2024 17:02;
1037;26.01.2024 17:02;
1038;26.01.2024 17:02;26.01.2024 17:02
1039;26.01.2024 17:02;
1040;26.01.2024 17:02;
1041;26.01.2024 17:02;
1042;26.01.2024 17:02;
1043;26.01.2024 17:02;
1044;26.01.2024 17:02;
1045;26.01.2024 17:02;
1046;26.01.2024 17:02;
1047;26.01.2024 17:02;
1048;26.01.2024 17:02;
1049;26.01.2024 17:02;
1050;26.01.2024 17:02;
1051;26.01.2024 17:02;
1052;26.01.2024 17:02;
1053;26.01.2024 17:02;
1054;26.01.2024 17:02;
1055;26.01.2024 17:02;
1056;26.01.2024 17:02;
1057;26.01.2024 17:02;
1058;26.01.2024 17:02;
1059;26.01.2024 17:02;
1060;26.01.2024 17:02;
1061;26.01.2024 17:02;
1062;26.01.2024 17:02;
1063;26.01.2024 17:02;
1064;2024-01-26 17:02:27.036;
1065;2024-01-26 17:02:27.070;
1066;26.01.2024 17:02;
1067;26.01.2024 17:02;
1068;26.01.2024 17:02;
1069;26.01.2024 17:02;
1070;26.01.2024 17:02;
1071;26.01.2024 17:02;
1072;26.01.2024 17:02;
1073;26.01.2024 17:02;
1074;26.01.2024 17:02;
1075;26.01.2024 17:02;
1076;26.01.2024 17:02;
1077;26.01.2024 17:02;
1078;26.01.2024 17:02;26.01.2024 17:02
1079;26.01.2024 17:02;
1080;26.01.2024 17:02;
1081;26.01.2024 17:02;
1082;26.01.2024 17:02;
1083;26.01.2024 17:02;
1084;26.01.2024 17:02;
1085;26.01.2024 17:02;
1086;26.01.2024 17:02;
1087;26.01.2024 17:02;26.01.2024 17:02
1088;26.01.2024 17:02;
1089;26.01.2024 17:02;
1090;26.01.2024 17:02;
1091;26.01.2024 17:02;
1092;26.01.2024 17:02;
1093;2024-01-26 17:02:28.003;
1094;2024-01-26 17:02:28.034;
1095;2024-01-26 17:02:28.070;
1096;2024-01-26 17:02:28.093;
1097;26.01.2024 17:02;26.01.2024 17:02
1098;26.01.2024 17:02;
1099;26.01.2024 17:02;
1100;26.01.2024 17:02;
1101;26.01.2024 17:02;
1102;26.01.2024 17:02;
1103;26.01.2024 17:02;
1104;26.01.2024 17:02;
1105;26.01.2024 17:02;
1106;26.01.2024 17:02;
1107;26.01.2024 17:02;
1108;26.01.2024 17:02;
1109;26.01.2024 17:02;
1110;26.01.2024 17:02;
1111;26.01.2024 17:02;
1112;26.01.2024 17:02;26.01.2024 17:02
1113;26.01.2024 17:02;
1114;26.01.2024 17:02;
1115;26.01.2024 17:02;
1116;26.01.2024 17:02;
1117;26.01.2024 17:02;
1118;26.01.2024 17:02;
1119;26.01.2024 17:02;
1120;26.01.2024 17:02;
1121;26.01.2024 17:02;
1122;26.01.2024 17:02;
1123;26.01.2024 17:02;
1124;2024-01-26 17:02:29.034;2024-01-26 17:02:29.093
1125;2024-01-26 17:02:29.068;
1126;26.01.2024 17:02;
1127;26.01.2024 17:02;
1128;26.01.2024 17:02;
1129;26.01.2024 17:02;
1130;26.01.2024 17:02;
1131;26.01.2024 17:02;
1132;26.01.2024 17:02;
1133;26.01.2024 17:02;
1134;26.01.2024 17:02;
1135;26.01.2024 17:02;
1136;26.01.2024 17:02;
1137;26.01.2024 17:02;
1138;26.01.2024 17:02;
1139;26.01.2024 17:02;
1140;26.01.2024 17:02;
1141;26.01.2024 17:02;
1142;26.01.2024 17:02;
1143;26.01.2024 17:02;
1144;26.01.2024 17:02;26.01.2024 17:02
1145;26.01.2024 17:02;
1146;26.01.2024 17:02;
1147;26.01.2024 17:02;
1148;26.01.2024 17:02;
1149;26.01.2024 17:02;
1150;26.01.2024 17:02;
1151;26.01.2024 17:02;
1152;26.01.2024 17:02;
1153;2024-01-26 17:02:30.000;
1154;2024-01-26 17:02:30.040;
1155;2024-01-26 17:02:30.067;
1156;26.01.2024 17:02;
1157;26.01.2024 17:02;
1158;26.01.2024 17:02;
1159;26.01.2024 17:02;
1160;26.01.2024 17:02;
1161;26.01.2024 17:02;
1162;26.01.2024 17:02;
1163;26.01.2024 17:02;
1164;26.01.2024 17:02;
1165;26.01.2024 17:02;
1166;26.01.2024 17:02;26.01.2024 17:02
1167;26.01.2024 17:02;
1168;26.01.2024 17:02;
1169;26.01.2024 17:02;
1170;26.01.2024 17:02;
1171;26.01.2024 17:02;
1172;26.01.2024 17:02;
1173;26.01.2024 17:02;
1174;26.01.2024 17:02;
1175;26.01.2024 17:02;
1176;26.01.2024 17:02;
1177;26.01.2024 17:02;
1178;26.01.2024 17:02;
1179;26.01.2024 17:02;
1180;26.01.2024 17:02;
1181;26.01.2024 17:02;
1182;26.01.2024 17:02;
1183;2024-01-26 17:02:31.003;
1184;2024-01-26 17:02:31.035;
1185;2024-01-26 17:02:31.066;
1186;26.01.2024 17:02;
1187;26.01.2024 17:02;
1188;26.01.2024 17:02;26.01.2024 17:02
1189;26.01.2024 17:02;
1190;26.01.2024 17:02;
1191;26.01.2024 17:02;
1192;26.01.2024 17:02;
1193;26.01.2024 17:02;
1194;26.01.2024 17:02;
1195;26.01.2024 17:02;
1196;26.01.2024 17:02;
1197;26.01.2024 17:02;
1198;26.01.2024 17:02;
1199;26.01.2024 17:02;
1200;26.01.2024 17:02;
1201;26.01.2024 17:02;
1202;26.01.2024 17:02;
1203;26.01.2024 17:02;
1204;26.01.2024 17:02;
1205;26.01.2024 17:02;
1206;26.01.2024 17:02;
1207;26.01.2024 17:02;
1208;26.01.2024 17:02;
1209;26.01.2024 17:02;
1210;26.01.2024 17:02;
1211;26.01.2024 17:02;
1212;26.01.2024 17:02;
1213;2024-01-26 17:02:32.004;
1214;2024-01-26 17:02:32.037;
1215;2024-01-26 17:02:32.065;
1216;26.01.2024 17:02;26.01.2024 17:02
1217;26.01.2024 17:02;
1218;26.01.2024 17:02;
1219;26.01.2024 17:02;
1220;26.01.2024 17:02;
1221;26.01.2024 17:02;
1222;26.01.2024 17:02;
1223;26.01.2024 17:02;
1224;26.01.2024 17:02;
1225;26.01.2024 17:02;
1226;26.01.2024 17:02;
1227;26.01.2024 17:02;
1228;26.01.2024 17:02;26.01.2024 17:02
1229;26.01.2024 17:02;
1230;26.01.2024 17:02;
1231;26.01.2024 17:02;
1232;26.01.2024 17:02;
1233;26.01.2024 17:02;
1234;26.01.2024 17:02;
1235;26.01.2024 17:02;
1236;26.01.2024 17:02;
1237;26.01.2024 17:02;
1238;26.01.2024 17:02;
1239;26.01.2024 17:02;
1240;26.01.2024 17:02;
1241;26.01.2024 17:02;
1242;26.01.2024 17:02;
1243;26.01.2024 17:02;
1244;2024-01-26 17:02:33.034;
1245;2024-01-26 17:02:33.067;
1246;2024-01-26 17:02:33.098;26.01.2024 17:02
1247;26.01.2024 17:02;
1248;26.01.2024 17:02;
1249;26.01.2024 17:02;
1250;26.01.2024 17:02;
1251;26.01.2024 17:02;
1252;26.01.2024 17:02;
1253;26.01.2024 17:02;
1254;26.01.2024 17:02;
1255;26.01.2024 17:02;
1256;26.01.2024 17:02;
1257;26.01.2024 17:02;26.01.2024 17:02
1258;26.01.2024 17:02;
1259;26.01.2024 17:02;
1260;26.01.2024 17:02;
1261;26.01.2024 17:02;
1262;26.01.2024 17:02;
1263;26.01.2024 17:02;
1264;26.01.2024 17:02;
1265;26.01.2024 17:02;26.01.2024 17:02
1266;26.01.2024 17:02;
1267;26.01.2024 17:02;
1268;26.01.2024 17:02;
1269;26.01.2024 17:02;
1270;26.01.2024 17:02;
1271;26.01.2024 17:02;
1272;26.01.2024 17:02;
1273;2024-01-26 17:02:34.000;
1274;2024-01-26 17:02:34.033;
1275;2024-01-26 17:02:34.066;
1276;26.01.2024 17:02;
1277;26.01.2024 17:02;
1278;26.01.2024 17:02;
1279;26.01.2024 17:02;26.01.2024 17:02
1280;26.01.2024 17:02;
1281;26.01.2024 17:02;
1282;26.01.2024 17:02;
1283;26.01.2024 17:02;
1284;26.01.2024 17:02;
1285;26.01.2024 17:02;26.01.2024 17:02
1286;26.01.2024 17:02;
1287;26.01.2024 17:02;
1288;26.01.2024 17:02;
1289;26.01.2024 17:02;
1290;26.01.2024 17:02;
1291;26.01.2024 17:02;
1292;26.01.2024 17:02;
1293;26.01.2024 17:02;
1294;26.01.2024 17:02;
1295;26.01.2024 17:02;
1296;26.01.2024 17:02;
1297;26.01.2024 17:02;
1298;26.01.2024 17:02;
1299;26.01.2024 17:02;
1300;26.01.2024 17:02;
1301;26.01.2024 17:02;
1302;26.01.2024 17:02;
1303;2024-01-26 17:02:35.002;
1304;2024-01-26 17:02:35.037;
1305;2024-01-26 17:02:35.068;
1306;26.01.2024 17:02;
1307;26.01.2024 17:02;
1308;26.01.2024 17:02;
1309;26.01.2024 17:02;26.01.2024 17:02
1310;26.01.2024 17:02;
1311;26.01.2024 17:02;
1312;26.01.2024 17:02;
1313;26.01.2024 17:02;
1314;26.01.2024 17:02;
1315;26.01.2024 17:02;
1316;26.01.2024 17:02;
1317;26.01.2024 17:02;
1318;26.01.2024 17:02;
1319;26.01.2024 17:02;
1320;26.01.2024 17:02;
1321;26.01.2024 17:02;
1322;26.01.2024 17:02;
1323;26.01.2024 17:02;
1324;26.01.2024 17:02;
1325;26.01.2024 17:02;
1326;26.01.2024 17:02;
1327;26.01.2024 17:02;26.01.2024 17:02
1328;26.01.2024 17:02;
1329;26.01.2024 17:02;
1330;26.01.2024 17:02;
1331;26.01.2024 17:02;
1332;26.01.2024 17:02;
1333;2024-01-26 17:02:36.000;
1334;2024-01-26 17:02:36.030;
1335;2024-01-26 17:02:36.070;
1336;2024-01-26 17:02:36.095;
1337;26.01.2024 17:02;
1338;26.01.2024 17:02;
1339;26.01.2024 17:02;
1340;26.01.2024 17:02;26.01.2024 17:02
1341;26.01.2024 17:02;
1342;26.01.2024 17:02;
1343;26.01.2024 17:02;
1344;26.01.2024 17:02;
1345;26.01.2024 17:02;
1346;26.01.2024 17:02;
1347;26.01.2024 17:02;
1348;26.01.2024 17:02;
1349;26.01.2024 17:02;
1350;26.01.2024 17:02;
1351;26.01.2024 17:02;
1352;26.01.2024 17:02;
1353;26.01.2024 17:02;
1354;26.01.2024 17:02;
1355;26.01.2024 17:02;
1356;26.01.2024 17:02;
1357;26.01.2024 17:02;
1358;26.01.2024 17:02;
1359;26.01.2024 17:02;
1360;26.01.2024 17:02;
1361;26.01.2024 17:02;
1362;26.01.2024 17:02;
1363;2024-01-26 17:02:37.000;
1364;2024-01-26 17:02:37.036;
1365;2024-01-26 17:02:37.066;
1366;2024-01-26 17:02:37.099;
1367;26.01.2024 17:02;
1368;26.01.2024 17:02;
1369;26.01.2024 17:02;
1370;26.01.2024 17:02;
1371;26.01.2024 17:02;
1372;26.01.2024 17:02;
1373;26.01.2024 17:02;
1374;26.01.2024 17:02;
1375;26.01.2024 17:02;
1376;26.01.2024 17:02;
1377;26.01.2024 17:02;
1378;26.01.2024 17:02;
1379;26.01.2024 17:02;
1380;26.01.2024 17:02;
1381;26.01.2024 17:02;
1382;26.01.2024 17:02;
1383;26.01.2024 17:02;
1384;26.01.2024 17:02;
1385;26.01.2024 17:02;
1386;26.01.2024 17:02;
1387;26.01.2024 17:02;
1388;26.01.2024 17:02;
1389;26.01.2024 17:02;
1390;26.01.2024 17:02;
1391;26.01.2024 17:02;
1392;26.01.2024 17:02;
1393;26.01.2024 17:02;
1394;2024-01-26 17:02:38.032;
1395;2024-01-26 17:02:38.068;
1396;26.01.2024 17:02;
1397;26.01.2024 17:02;
1398;26.01.2024 17:02;
1399;26.01.2024 17:02;
1400;26.01.2024 17:02;
1401;26.01.2024 17:02;
1402;26.01.2024 17:02;
1403;26.01.2024 17:02;
1404;26.01.2024 17:02;
1405;26.01.2024 17:02;
1406;26.01.2024 17:02;
1407;26.01.2024 17:02;
1408;26.01.2024 17:02;
1409;26.01.2024 17:02;
1410;26.01.2024 17:02;
1411;26.01.2024 17:02;
1412;26.01.2024 17:02;
1413;26.01.2024 17:02;
1414;26.01.2024 17:02;
1415;26.01.2024 17:02;
1416;26.01.2024 17:02;
1417;26.01.2024 17:02;
1418;26.01.2024 17:02;
1419;26.01.2024 17:02;
1420;26.01.2024 17:02;
1421;26.01.2024 17:02;
1422;26.01.2024 17:02;
1423;2024-01-26 17:02:39.003;
1424;2024-01-26 17:02:39.035;
1425;2024-01-26 17:02:39.070;
1426;26.01.2024 17:02;
1427;26.01.2024 17:02;
1428;26.01.2024 17:02;
1429;26.01.2024 17:02;
1430;26.01.2024 17:02;
1431;26.01.2024 17:02;
1432;26.01.2024 17:02;
1433;26.01.2024 17:02;
1434;26.01.2024 17:02;
1435;26.01.2024 17:02;
1436;26.01.2024 17:02;
1437;26.01.2024 17:02;
1438;26.01.2024 17:02;
1439;26.01.2024 17:02;
1440;26.01.2024 17:02;
1441;26.01.2024 17:02;
1442;26.01.2024 17:02;
1443;26.01.2024 17:02;
1444;26.01.2024 17:02;
1445;26.01.2024 17:02;
1446;26.01.2024 17:02;
1447;26.01.2024 17:02;
1448;26.01.2024 17:02;
1449;26.01.2024 17:02;
1450;26.01.2024 17:02;
1451;26.01.2024 17:02;
1452;26.01.2024 17:02;
1453;2024-01-26 17:02:40.002;
1454;2024-01-26 17:02:40.031;
1455;2024-01-26 17:02:40.069;
1456;26.01.2024 17:02;
1457;26.01.2024 17:02;
1458;26.01.2024 17:02;
1459;26.01.2024 17:02;
1460;26.01.2024 17:02;
1461;26.01.2024 17:02;
1462;26.01.2024 17:02;
1463;26.01.2024 17:02;
1464;26.01.2024 17:02;
1465;26.01.2024 17:02;
1466;26.01.2024 17:02;
1467;26.01.2024 17:02;
1468;26.01.2024 17:02;
1469;26.01.2024 17:02;
1470;26.01.2024 17:02;
1471;26.01.2024 17:02;
1472;26.01.2024 17:02;
1473;26.01.2024 17:02;
1474;26.01.2024 17:02;
1475;26.01.2024 17:02;
1476;26.01.2024 17:02;
1477;26.01.2024 17:02;
1478;26.01.2024 17:02;
1479;26.01.2024 17:02;
1480;26.01.2024 17:02;
1481;26.01.2024 17:02;
1482;26.01.2024 17:02;
1483;2024-01-26 17:02:41.000;
1484;2024-01-26 17:02:41.033;
1485;2024-01-26 17:02:41.061;
1486;2024-01-26 17:02:41.098;
1487;26.01.2024 17:02;
1488;26.01.2024 17:02;
1489;26.01.2024 17:02;
1490;26.01.2024 17:02;
1491;26.01.2024 17:02;
1492;26.01.2024 17:02;
1493;26.01.2024 17:02;
1494;26.01.2024 17:02;
1495;26.01.2024 17:02;
1496;26.01.2024 17:02;
1497;26.01.2024 17:02;
1498;26.01.2024 17:02;
1499;26.01.2024 17:02;
1500;26.01.2024 17:02;
1501;26.01.2024 17:02;
1502;26.01.2024 17:02;
1503;26.01.2024 17:02;
1504;26.01.2024 17:02;
1505;26.01.2024 17:02;
1506;26.01.2024 17:02;
1507;26.01.2024 17:02;
1508;26.01.2024 17:02;
1509;26.01.2024 17:02;
1510;26.01.2024 17:02;
1511;26.01.2024 17:02;
1512;26.01.2024 17:02;
1513;2024-01-26 17:02:42.001;
1514;2024-01-26 17:02:42.032;
1515;2024-01-26 17:02:42.070;
1516;2024-01-26 17:02:42.095;
1517;26.01.2024 17:02;
1518;26.01.2024 17:02;
1519;26.01.2024 17:02;
1520;26.01.2024 17:02;
1521;26.01.2024 17:02;
1522;26.01.2024 17:02;
1523;26.01.2024 17:02;
1524;26.01.2024 17:02;
1525;26.01.2024 17:02;
1526;26.01.2024 17:02;
1527;26.01.2024 17:02;
1528;26.01.2024 17:02;
1529;26.01.2024 17:02;
1530;26.01.2024 17:02;
1531;26.01.2024 17:02;
1532;26.01.2024 17:02;
1533;26.01.2024 17:02;
1534;26.01.2024 17:02;
1535;26.01.2024 17:02;
1536;26.01.2024 17:02;
1537;26.01.2024 17:02;
1538;26.01.2024 17:02;
1539;26.01.2024 17:02;
1540;26.01.2024 17:02;
1541;26.01.2024 17:02;
1542;26.01.2024 17:02;
1543;26.01.2024 17:02;
1544;2024-01-26 17:02:43.035;
1545;2024-01-26 17:02:43.061;
1546;2024-01-26 17:02:43.097;
1547;26.01.2024 17:02;
1548;26.01.2024 17:02;
1549;26.01.2024 17:02;
1550;26.01.2024 17:02;
1551;26.01.2024 17:02;
1552;26.01.2024 17:02;
1553;26.01.2024 17:02;
1554;26.01.2024 17:02;
1555;26.01.2024 17:02;
1556;26.01.2024 17:02;
1557;26.01.2024 17:02;
1558;26.01.2024 17:02;
1559;26.01.2024 17:02;
1560;26.01.2024 17:02;
1561;26.01.2024 17:02;
1562;26.01.2024 17:02;
1563;26.01.2024 17:02;
1564;26.01.2024 17:02;
1565;26.01.2024 17:02;
1566;26.01.2024 17:02;
1567;26.01.2024 17:02;
1568;26.01.2024 17:02;
1569;26.01.2024 17:02;
1570;26.01.2024 17:02;
1571;26.01.2024 17:02;
1572;26.01.2024 17:02;
1573;2024-01-26 17:02:44.004;
1574;2024-01-26 17:02:44.025;
1575;2024-01-26 17:02:44.066;
1576;26.01.2024 17:02;
1577;26.01.2024 17:02;
1578;26.01.2024 17:02;
1579;26.01.2024 17:02;
1580;26.01.2024 17:02;
1581;26.01.2024 17:02;
1582;26.01.2024 17:02;
1583;26.01.2024 17:02;
1584;26.01.2024 17:02;
1585;26.01.2024 17:02;
1586;26.01.2024 17:02;
1587;26.01.2024 17:02;
1588;26.01.2024 17:02;
1589;26.01.2024 17:02;
1590;26.01.2024 17:02;
1591;26.01.2024 17:02;
1592;26.01.2024 17:02;
1593;26.01.2024 17:02;
1594;26.01.2024 17:02;
1595;26.01.2024 17:02;
1596;26.01.2024 17:02;
1597;26.01.2024 17:02;
1598;26.01.2024 17:02;
1599;26.01.2024 17:02;
1600;26.01.2024 17:02;
1601;26.01.2024 17:02;
1602;26.01.2024 17:02;
1603;26.01.2024 17:02;
1604;2024-01-26 17:02:45.039;
1605;2024-01-26 17:02:45.061;
1606;2024-01-26 17:02:45.099;
1607;26.01.2024 17:02;
1608;26.01.2024 17:02;
1609;26.01.2024 17:02;
1610;26.01.2024 17:02;
1611;26.01.2024 17:02;
1612;26.01.2024 17:02;
1613;26.01.2024 17:02;
1614;26.01.2024 17:02;
1615;26.01.2024 17:02;
1616;26.01.2024 17:02;
1617;26.01.2024 17:02;
1618;26.01.2024 17:02;
1619;26.01.2024 17:02;
1620;26.01.2024 17:02;
1621;26.01.2024 17:02;
1622;26.01.2024 17:02;
1623;26.01.2024 17:02;
1624;26.01.2024 17:02;
1625;26.01.2024 17:02;
1626;26.01.2024 17:02;
1627;26.01.2024 17:02;
1628;26.01.2024 17:02;
1629;26.01.2024 17:02;
1630;26.01.2024 17:02;
1631;26.01.2024 17:02;
1632;26.01.2024 17:02;
1633;2024-01-26 17:02:46.004;
1634;2024-01-26 17:02:46.034;
1635;2024-01-26 17:02:46.070;
1636;26.01.2024 17:02;
1637;26.01.2024 17:02;
1638;26.01.2024 17:02;
1639;26.01.2024 17:02;
1640;26.01.2024 17:02;
1641;26.01.2024 17:02;
1642;26.01.2024 17:02;
1643;26.01.2024 17:02;
1644;26.01.2024 17:02;
1645;26.01.2024 17:02;
1646;26.01.2024 17:02;
1647;26.01.2024 17:02;
1648;26.01.2024 17:02;
1649;26.01.2024 17:02;
1650;26.01.2024 17:02;
1651;26.01.2024 17:02;
1652;26.01.2024 17:02;
1653;26.01.2024 17:02;
1654;26.01.2024 17:02;
1655;26.01.2024 17:02;
1656;26.01.2024 17:02;
1657;26.01.2024 17:02;
1658;26.01.2024 17:02;
1659;26.01.2024 17:02;
1660;2024-01-26 17:02:47.026;
1661;2024-01-26 17:02:47.059;
1662;2024-01-26 17:02:47.097;
1663;26.01.2024 17:02;
1664;26.01.2024 17:02;
1665;26.01.2024 17:02;
1666;26.01.2024 17:02;
1667;26.01.2024 17:02;
1668;26.01.2024 17:02;
1669;26.01.2024 17:02;
1670;26.01.2024 17:02;
1671;26.01.2024 17:02;
1672;26.01.2024 17:02;
1673;26.01.2024 17:02;
1674;26.01.2024 17:02;
1675;26.01.2024 17:02;
1676;26.01.2024 17:02;
1677;26.01.2024 17:02;
1678;26.01.2024 17:02;
1679;26.01.2024 17:02;
1680;26.01.2024 17:02;
1681;26.01.2024 17:02;
1682;26.01.2024 17:02;
1683;26.01.2024 17:02;
1684;26.01.2024 17:02;
1685;26.01.2024 17:02;
1686;26.01.2024 17:02;
1687;26.01.2024 17:02;
1688;26.01.2024 17:02;
1689;26.01.2024 17:02;
1690;2024-01-26 17:02:48.025;
1691;2024-01-26 17:02:48.062;
1692;2024-01-26 17:02:48.093;
1693;26.01.2024 17:02;
1694;26.01.2024 17:02;
1695;26.01.2024 17:02;
1696;26.01.2024 17:02;
1697;26.01.2024 17:02;
1698;26.01.2024 17:02;
1699;26.01.2024 17:02;
1700;26.01.2024 17:02;
1701;26.01.2024 17:02;
1702;26.01.2024 17:02;
1703;26.01.2024 17:02;
1704;26.01.2024 17:02;
1705;26.01.2024 17:02;
1706;26.01.2024 17:02;
1707;26.01.2024 17:02;
1708;26.01.2024 17:02;
1709;26.01.2024 17:02;
1710;26.01.2024 17:02;
1711;26.01.2024 17:02;
1712;26.01.2024 17:02;
1713;26.01.2024 17:02;
1714;26.01.2024 17:02;
1715;26.01.2024 17:02;
1716;2024-01-26 17:02:49.008;
1717;2024-01-26 17:02:49.043;
1718;2024-01-26 17:02:49.078;
1719;26.01.2024 17:02;
1720;26.01.2024 17:02;
1721;26.01.2024 17:02;
1722;26.01.2024 17:02;
1723;26.01.2024 17:02;
1724;26.01.2024 17:02;
1725;26.01.2024 17:02;
1726;26.01.2024 17:02;
1727;26.01.2024 17:02;
1728;26.01.2024 17:02;
1729;26.01.2024 17:02;
1730;26.01.2024 17:02;
1731;26.01.2024 17:02;
1732;26.01.2024 17:02;
1733;26.01.2024 17:02;
1734;26.01.2024 17:02;
1735;26.01.2024 17:02;
1736;26.01.2024 17:02;
1737;26.01.2024 17:02;
1738;26.01.2024 17:02;
1739;26.01.2024 17:02;
1740;26.01.2024 17:02;
1741;26.01.2024 17:02;
1742;26.01.2024 17:02;
1743;26.01.2024 17:02;
1744;2024-01-26 17:02:50.010;
1745;2024-01-26 17:02:50.066;
1746;26.01.2024 17:02;
1747;26.01.2024 17:02;
1748;26.01.2024 17:02;
1749;26.01.2024 17:02;
1750;26.01.2024 17:02;
1751;26.01.2024 17:02;
1752;26.01.2024 17:02;
1753;26.01.2024 17:02;
1754;26.01.2024 17:02;
1755;26.01.2024 17:02;
1756;26.01.2024 17:02;
1757;26.01.2024 17:02;
1758;26.01.2024 17:02;
1759;26.01.2024 17:02;
1760;26.01.2024 17:02;
1761;26.01.2024 17:02;
1762;26.01.2024 17:02;
1763;26.01.2024 17:02;
1764;26.01.2024 17:02;
1765;26.01.2024 17:02;
1766;26.01.2024 17:02;
1767;26.01.2024 17:02;
1768;26.01.2024 17:02;
1769;26.01.2024 17:02;
1770;26.01.2024 17:02;
1771;26.01.2024 17:02;
1772;2024-01-26 17:02:51.009;
1773;2024-01-26 17:02:51.041;
1774;2024-01-26 17:02:51.075;
1775;26.01.2024 17:02;
1776;26.01.2024 17:02;
1777;26.01.2024 17:02;
1778;26.01.2024 17:02;
1779;26.01.2024 17:02;
1780;26.01.2024 17:02;
1781;26.01.2024 17:02;
1782;26.01.2024 17:02;
1783;26.01.2024 17:02;
1784;26.01.2024 17:02;
1785;26.01.2024 17:02;
1786;26.01.2024 17:02;
1787;26.01.2024 17:02;
1788;26.01.2024 17:02;
1789;26.01.2024 17:02;
1790;26.01.2024 17:02;
1791;26.01.2024 17:02;
1792;26.01.2024 17:02;
1793;26.01.2024 17:02;
1794;26.01.2024 17:02;
1795;26.01.2024 17:02;
1796;26.01.2024 17:02;
1797;26.01.2024 17:02;
1798;26.01.2024 17:02;
1799;26.01.2024 17:02;
1800;26.01.2024 17:02;
1801;26.01.2024 17:02;
1802;2024-01-26 17:02:52.021;
1803;2024-01-26 17:02:52.059;
1804;26.01.2024 17:02;
1805;26.01.2024 17:02;
1806;26.01.2024 17:02;
1807;26.01.2024 17:02;
1808;26.01.2024 17:02;
1809;26.01.2024 17:02;
1810;26.01.2024 17:02;
1811;26.01.2024 17:02;
1812;26.01.2024 17:02;
1813;26.01.2024 17:02;
1814;26.01.2024 17:02;
1815;26.01.2024 17:02;
1816;26.01.2024 17:02;
1817;26.01.2024 17:02;
1818;26.01.2024 17:02;
1819;26.01.2024 17:02;
1820;26.01.2024 17:02;
1821;26.01.2024 17:02;
1822;26.01.2024 17:02;
1823;26.01.2024 17:02;
1824;26.01.2024 17:02;
1825;26.01.2024 17:02;
1826;26.01.2024 17:02;
1827;26.01.2024 17:02;
1828;2024-01-26 17:02:53.010;
1829;2024-01-26 17:02:53.035;
1830;2024-01-26 17:02:53.066;
1831;2024-01-26 17:02:53.098;
1832;26.01.2024 17:02;
1833;26.01.2024 17:02;
1834;26.01.2024 17:02;
1835;26.01.2024 17:02;
1836;26.01.2024 17:02;
1837;26.01.2024 17:02;
1838;26.01.2024 17:02;
1839;26.01.2024 17:02;
1840;26.01.2024 17:02;
1841;26.01.2024 17:02;
1842;26.01.2024 17:02;
1843;26.01.2024 17:02;
1844;26.01.2024 17:02;
1845;26.01.2024 17:02;
1846;26.01.2024 17:02;
1847;26.01.2024 17:02;
1848;26.01.2024 17:02;
1849;26.01.2024 17:02;
1850;26.01.2024 17:02;
1851;26.01.2024 17:02;
1852;26.01.2024 17:02;
1853;26.01.2024 17:02;
1854;26.01.2024 17:02;
1855;26.01.2024 17:02;
1856;26.01.2024 17:02;
1857;26.01.2024 17:02;
1858;2024-01-26 17:02:54.034;
1859;2024-01-26 17:02:54.064;
1860;26.01.2024 17:02;
1861;26.01.2024 17:02;
1862;26.01.2024 17:02;
1863;26.01.2024 17:02;
1864;26.01.2024 17:02;
1865;26.01.2024 17:02;
1866;26.01.2024 17:02;
1867;26.01.2024 17:02;
1868;26.01.2024 17:02;
1869;26.01.2024 17:02;
1870;26.01.2024 17:02;
1871;26.01.2024 17:02;
1872;26.01.2024 17:02;
1873;26.01.2024 17:02;
1874;26.01.2024 17:02;
1875;26.01.2024 17:02;
1876;26.01.2024 17:02;
1877;26.01.2024 17:02;
1878;26.01.2024 17:02;
1879;26.01.2024 17:02;
1880;26.01.2024 17:02;
1881;26.01.2024 17:02;
1882;26.01.2024 17:02;
1883;26.01.2024 17:02;
1884;26.01.2024 17:02;
1885;26.01.2024 17:02;
1886;26.01.2024 17:02;
1887;2024-01-26 17:02:55.018;
1888;2024-01-26 17:02:55.050;
1889;2024-01-26 17:02:55.083;
1890;26.01.2024 17:02;
1891;26.01.2024 17:02;
1892;26.01.2024 17:02;
1893;26.01.2024 17:02;
1894;26.01.2024 17:02;
1895;26.01.2024 17:02;
1896;26.01.2024 17:02;
1897;26.01.2024 17:02;
1898;26.01.2024 17:02;
1899;26.01.2024 17:02;
1900;26.01.2024 17:02;
1901;26.01.2024 17:02;
1902;26.01.2024 17:02;
1903;26.01.2024 17:02;
1904;26.01.2024 17:02;
1905;26.01.2024 17:02;
1906;26.01.2024 17:02;
1907;26.01.2024 17:02;
1908;26.01.2024 17:02;
1909;26.01.2024 17:02;
1910;26.01.2024 17:02;
1911;26.01.2024 17:02;
1912;26.01.2024 17:02;
1913;26.01.2024 17:02;
1914;2024-01-26 17:02:56.016;
1915;2024-01-26 17:02:56.050;
1916;2024-01-26 17:02:56.082;
1917;26.01.2024 17:02;
1918;26.01.2024 17:02;
1919;26.01.2024 17:02;
1920;26.01.2024 17:02;
1921;26.01.2024 17:02;
1922;26.01.2024 17:02;
1923;26.01.2024 17:02;
1924;26.01.2024 17:02;
1925;26.01.2024 17:02;
1926;26.01.2024 17:02;
1927;26.01.2024 17:02;
1928;26.01.2024 17:02;
1929;26.01.2024 17:02;
1930;26.01.2024 17:02;
1931;26.01.2024 17:02;
1932;26.01.2024 17:02;
1933;26.01.2024 17:02;
1934;26.01.2024 17:02;
1935;26.01.2024 17:02;
1936;26.01.2024 17:02;
1937;26.01.2024 17:02;
1938;26.01.2024 17:02;
1939;26.01.2024 17:02;
1940;26.01.2024 17:02;
1941;26.01.2024 17:02;
1942;26.01.2024 17:02;
1943;26.01.2024 17:02;
1944;2024-01-26 17:02:57.020;
1945;2024-01-26 17:02:57.048;
1946;2024-01-26 17:02:57.082;
1947;26.01.2024 17:02;
1948;26.01.2024 17:02;
1949;26.01.2024 17:02;
1950;26.01.2024 17:02;
1951;26.01.2024 17:02;
1952;26.01.2024 17:02;
1953;26.01.2024 17:02;
1954;26.01.2024 17:02;
1955;26.01.2024 17:02;
1956;26.01.2024 17:02;
1957;26.01.2024 17:02;
1958;26.01.2024 17:02;
1959;26.01.2024 17:02;
1960;26.01.2024 17:02;
1961;26.01.2024 17:02;
1962;26.01.2024 17:02;
1963;26.01.2024 17:02;
1964;26.01.2024 17:02;
1965;26.01.2024 17:02;
1966;26.01.2024 17:02;
1967;26.01.2024 17:02;
1968;26.01.2024 17:02;
1969;26.01.2024 17:02;
1970;26.01.2024 17:02;
1971;26.01.2024 17:02;
1972;26.01.2024 17:02;
1973;26.01.2024 17:02;
1974;2024-01-26 17:02:58.024;
1975;2024-01-26 17:02:58.050;
1976;2024-01-26 17:02:58.078;
1977;26.01.2024 17:02;
1978;26.01.2024 17:02;
1979;26.01.2024 17:02;
1980;26.01.2024 17:02;
1981;26.01.2024 17:02;
1982;26.01.2024 17:02;
1983;26.01.2024 17:02;
1984;26.01.2024 17:02;
1985;26.01.2024 17:02;
1986;26.01.2024 17:02;
1987;26.01.2024 17:02;
1988;26.01.2024 17:02;
1989;26.01.2024 17:02;
1990;26.01.2024 17:02;
1991;26.01.2024 17:02;
1992;26.01.2024 17:02;
1993;26.01.2024 17:02;
1994;26.01.2024 17:02;
1995;26.01.2024 17:02;
1996;26.01.2024 17:02;
1997;26.01.2024 17:02;
1998;26.01.2024 17:02;
1999;26.01.2024 17:02;
2000;26.01.2024 17:02;
2001;26.01.2024 17:02;
2002;2024-01-26 17:02:59.010;
2003;2024-01-26 17:02:59.045;
2004;2024-01-26 17:02:59.079;
2005;26.01.2024 17:02;
2006;26.01.2024 17:02;
2007;26.01.2024 17:02;
2008;26.01.2024 17:02;
2009;26.01.2024 17:02;
2010;26.01.2024 17:02;
2011;26.01.2024 17:02;
2012;26.01.2024 17:02;
2013;26.01.2024 17:02;
2014;26.01.2024 17:02;
2015;26.01.2024 17:02;
2016;26.01.2024 17:02;
2017;26.01.2024 17:02;
2018;26.01.2024 17:02;
2019;26.01.2024 17:02;
2020;26.01.2024 17:02;
2021;26.01.2024 17:02;
2022;26.01.2024 17:02;
2023;26.01.2024 17:02;
2024;26.01.2024 17:02;
2025;26.01.2024 17:02;
2026;26.01.2024 17:02;
2027;26.01.2024 17:02;
2028;26.01.2024 17:02;
2029;26.01.2024 17:02;
2030;26.01.2024 17:02;
2031;26.01.2024 17:02;
2032;2024-01-26 17:03:00.017;
2033;2024-01-26 17:03:00.040;
2034;2024-01-26 17:03:00.080;
2035;26.01.2024 17:03;
2036;26.01.2024 17:03;
2037;26.01.2024 17:03;
2038;26.01.2024 17:03;
2039;26.01.2024 17:03;
2040;26.01.2024 17:03;
2041;26.01.2024 17:03;
2042;26.01.2024 17:03;
2043;26.01.2024 17:03;
2044;26.01.2024 17:03;
2045;26.01.2024 17:03;
2046;26.01.2024 17:03;
2047;26.01.2024 17:03;
2048;26.01.2024 17:03;
2049;26.01.2024 17:03;
2050;26.01.2024 17:03;
2051;26.01.2024 17:03;
2052;26.01.2024 17:03;
2053;26.01.2024 17:03;
2054;26.01.2024 17:03;
2055;26.01.2024 17:03;
2056;26.01.2024 17:03;
2057;26.01.2024 17:03;
2058;26.01.2024 17:03;
2059;26.01.2024 17:03;
2060;26.01.2024 17:03;
2061;26.01.2024 17:03;
2062;2024-01-26 17:03:01.039;
2063;2024-01-26 17:03:01.070;
2064;26.01.2024 17:03;
2065;26.01.2024 17:03;
2066;26.01.2024 17:03;
2067;26.01.2024 17:03;
2068;26.01.2024 17:03;
2069;26.01.2024 17:03;
2070;26.01.2024 17:03;
2071;26.01.2024 17:03;
2072;26.01.2024 17:03;
2073;26.01.2024 17:03;
2074;26.01.2024 17:03;
2075;26.01.2024 17:03;
2076;26.01.2024 17:03;
2077;26.01.2024 17:03;
2078;26.01.2024 17:03;
2079;26.01.2024 17:03;
2080;26.01.2024 17:03;
2081;26.01.2024 17:03;
2082;26.01.2024 17:03;
2083;26.01.2024 17:03;
2084;26.01.2024 17:03;
2085;26.01.2024 17:03;
2086;26.01.2024 17:03;
2087;26.01.2024 17:03;
2088;26.01.2024 17:03;
2089;26.01.2024 17:03;
2090;26.01.2024 17:03;
2091;2024-01-26 17:03:02.017;
2092;2024-01-26 17:03:02.046;
2093;2024-01-26 17:03:02.082;
2094;26.01.2024 17:03;
2095;26.01.2024 17:03;
2096;26.01.2024 17:03;
2097;26.01.2024 17:03;
2098;26.01.2024 17:03;
2099;26.01.2024 17:03;
2100;26.01.2024 17:03;
2101;26.01.2024 17:03;
2102;26.01.2024 17:03;
2103;26.01.2024 17:03;
2104;26.01.2024 17:03;
2105;26.01.2024 17:03;
2106;26.01.2024 17:03;
2107;26.01.2024 17:03;
2108;26.01.2024 17:03;
2109;26.01.2024 17:03;
2110;26.01.2024 17:03;
2111;26.01.2024 17:03;
2112;26.01.2024 17:03;
2113;26.01.2024 17:03;
2114;26.01.2024 17:03;
2115;26.01.2024 17:03;
2116;26.01.2024 17:03;
2117;2024-01-26 17:03:03.064;
2118;26.01.2024 17:03;
2119;26.01.2024 17:03;
2120;26.01.2024 17:03;
2121;26.01.2024 17:03;
2122;26.01.2024 17:03;
2123;26.01.2024 17:03;
2124;26.01.2024 17:03;
2125;26.01.2024 17:03;
2126;26.01.2024 17:03;
2127;26.01.2024 17:03;
2128;26.01.2024 17:03;
2129;26.01.2024 17:03;
2130;26.01.2024 17:03;
2131;26.01.2024 17:03;
2132;26.01.2024 17:03;
2133;26.01.2024 17:03;
2134;26.01.2024 17:03;
2135;26.01.2024 17:03;
2136;26.01.2024 17:03;
2137;26.01.2024 17:03;
2138;26.01.2024 17:03;
2139;26.01.2024 17:03;
2140;26.01.2024 17:03;
2141;26.01.2024 17:03;
2142;26.01.2024 17:03;
2143;26.01.2024 17:03;
2144;26.01.2024 17:03;
2145;2024-01-26 17:03:04.027;
2146;2024-01-26 17:03:04.080;
2147;26.01.2024 17:03;
2148;26.01.2024 17:03;
2149;26.01.2024 17:03;
2150;26.01.2024 17:03;
2151;26.01.2024 17:03;
2152;26.01.2024 17:03;
2153;26.01.2024 17:03;
2154;26.01.2024 17:03;
2155;26.01.2024 17:03;
2156;26.01.2024 17:03;
2157;26.01.2024 17:03;
2158;26.01.2024 17:03;
2159;26.01.2024 17:03;
2160;26.01.2024 17:03;
2161;26.01.2024 17:03;
2162;26.01.2024 17:03;
2163;26.01.2024 17:03;
2164;26.01.2024 17:03;
2165;26.01.2024 17:03;
2166;26.01.2024 17:03;
2167;26.01.2024 17:03;
2168;26.01.2024 17:03;
2169;26.01.2024 17:03;
2170;26.01.2024 17:03;
2171;2024-01-26 17:03:05.029;
2172;2024-01-26 17:03:05.073;
2173;26.01.2024 17:03;
2174;26.01.2024 17:03;
2175;26.01.2024 17:03;
2176;26.01.2024 17:03;
2177;26.01.2024 17:03;
2178;26.01.2024 17:03;
2179;26.01.2024 17:03;
2180;26.01.2024 17:03;
2181;26.01.2024 17:03;
2182;26.01.2024 17:03;
2183;26.01.2024 17:03;
2184;26.01.2024 17:03;
2185;26.01.2024 17:03;
2186;26.01.2024 17:03;
2187;26.01.2024 17:03;
2188;26.01.2024 17:03;
2189;26.01.2024 17:03;
2190;26.01.2024 17:03;
2191;26.01.2024 17:03;
2192;26.01.2024 17:03;
2193;26.01.2024 17:03;
2194;26.01.2024 17:03;
2195;26.01.2024 17:03;
2196;26.01.2024 17:03;
2197;26.01.2024 17:03;
2198;26.01.2024 17:03;
2199;26.01.2024 17:03;
2200;2024-01-26 17:03:06.007;
2201;2024-01-26 17:03:06.041;
2202;2024-01-26 17:03:06.078;
2203;26.01.2024 17:03;
2204;26.01.2024 17:03;
2205;26.01.2024 17:03;
2206;26.01.2024 17:03;
2207;26.01.2024 17:03;
2208;26.01.2024 17:03;
2209;26.01.2024 17:03;
2210;26.01.2024 17:03;
2211;26.01.2024 17:03;
2212;26.01.2024 17:03;
2213;26.01.2024 17:03;
2214;26.01.2024 17:03;
2215;26.01.2024 17:03;
2216;26.01.2024 17:03;
2217;26.01.2024 17:03;
2218;26.01.2024 17:03;
2219;26.01.2024 17:03;
2220;26.01.2024 17:03;
2221;26.01.2024 17:03;
2222;26.01.2024 17:03;
2223;26.01.2024 17:03;
2224;26.01.2024 17:03;
2225;26.01.2024 17:03;
2226;26.01.2024 17:03;
2227;26.01.2024 17:03;
2228;26.01.2024 17:03;
2229;26.01.2024 17:03;
2230;2024-01-26 17:03:07.012;
2231;2024-01-26 17:03:07.043;
2232;2024-01-26 17:03:07.075;
2233;26.01.2024 17:03;
2234;26.01.2024 17:03;
2235;26.01.2024 17:03;
2236;26.01.2024 17:03;
2237;26.01.2024 17:03;
2238;26.01.2024 17:03;
2239;26.01.2024 17:03;
2240;26.01.2024 17:03;
2241;26.01.2024 17:03;
2242;26.01.2024 17:03;
2243;26.01.2024 17:03;
2244;26.01.2024 17:03;
2245;26.01.2024 17:03;
2246;26.01.2024 17:03;
2247;26.01.2024 17:03;
2248;26.01.2024 17:03;
2249;26.01.2024 17:03;
2250;26.01.2024 17:03;
2251;26.01.2024 17:03;
2252;26.01.2024 17:03;
2253;26.01.2024 17:03;
2254;26.01.2024 17:03;
2255;26.01.2024 17:03;
2256;26.01.2024 17:03;
2257;26.01.2024 17:03;
2258;26.01.2024 17:03;
2259;26.01.2024 17:03;
2260;2024-01-26 17:03:08.007;
2261;2024-01-26 17:03:08.045;
2262;2024-01-26 17:03:08.076;
2263;26.01.2024 17:03;
2264;26.01.2024 17:03;
2265;26.01.2024 17:03;
2266;26.01.2024 17:03;
2267;26.01.2024 17:03;
2268;26.01.2024 17:03;
2269;26.01.2024 17:03;
2270;26.01.2024 17:03;
2271;26.01.2024 17:03;
2272;26.01.2024 17:03;
2273;26.01.2024 17:03;
2274;26.01.2024 17:03;
2275;26.01.2024 17:03;
2276;26.01.2024 17:03;
2277;26.01.2024 17:03;
2278;26.01.2024 17:03;
2279;26.01.2024 17:03;
2280;26.01.2024 17:03;
2281;26.01.2024 17:03;
2282;26.01.2024 17:03;
2283;26.01.2024 17:03;
2284;26.01.2024 17:03;
2285;26.01.2024 17:03;
2286;26.01.2024 17:03;
2287;26.01.2024 17:03;
2288;26.01.2024 17:03;
2289;26.01.2024 17:03;
2290;2024-01-26 17:03:09.008;
2291;2024-01-26 17:03:09.044;
2292;2024-01-26 17:03:09.074;
2293;26.01.2024 17:03;
2294;26.01.2024 17:03;
2295;26.01.2024 17:03;
2296;26.01.2024 17:03;
2297;26.01.2024 17:03;
2298;26.01.2024 17:03;
2299;26.01.2024 17:03;
2300;26.01.2024 17:03;
2301;26.01.2024 17:03;
2302;26.01.2024 17:03;
2303;26.01.2024 17:03;
2304;26.01.2024 17:03;
2305;26.01.2024 17:03;
2306;26.01.2024 17:03;
2307;26.01.2024 17:03;
2308;26.01.2024 17:03;
2309;26.01.2024 17:03;
2310;26.01.2024 17:03;
2311;26.01.2024 17:03;
2312;26.01.2024 17:03;
2313;26.01.2024 17:03;
2314;26.01.2024 17:03;
2315;26.01.2024 17:03;
2316;26.01.2024 17:03;
2317;26.01.2024 17:03;
2318;26.01.2024 17:03;
2319;26.01.2024 17:03;
2320;2024-01-26 17:03:10.009;
2321;2024-01-26 17:03:10.037;
2322;2024-01-26 17:03:10.077;
2323;26.01.2024 17:03;
2324;26.01.2024 17:03;
2325;26.01.2024 17:03;
2326;26.01.2024 17:03;
2327;26.01.2024 17:03;
2328;26.01.2024 17:03;
2329;26.01.2024 17:03;
2330;26.01.2024 17:03;
2331;26.01.2024 17:03;
2332;26.01.2024 17:03;
2333;26.01.2024 17:03;
2334;26.01.2024 17:03;
2335;26.01.2024 17:03;
2336;26.01.2024 17:03;
2337;26.01.2024 17:03;
2338;26.01.2024 17:03;
2339;26.01.2024 17:03;
2340;26.01.2024 17:03;
2341;26.01.2024 17:03;
2342;26.01.2024 17:03;
2343;26.01.2024 17:03;
2344;26.01.2024 17:03;
2345;26.01.2024 17:03;
2346;26.01.2024 17:03;
2347;26.01.2024 17:03;
2348;2024-01-26 17:03:11.015;
2349;2024-01-26 17:03:11.047;
2350;2024-01-26 17:03:11.070;
2351;26.01.2024 17:03;
2352;26.01.2024 17:03;
2353;26.01.2024 17:03;
2354;26.01.2024 17:03;
2355;26.01.2024 17:03;
2356;26.01.2024 17:03;
2357;26.01.2024 17:03;
2358;26.01.2024 17:03;
2359;26.01.2024 17:03;
2360;26.01.2024 17:03;
2361;26.01.2024 17:03;
2362;26.01.2024 17:03;
2363;26.01.2024 17:03;
2364;26.01.2024 17:03;
2365;26.01.2024 17:03;
2366;26.01.2024 17:03;
2367;26.01.2024 17:03;
2368;26.01.2024 17:03;
2369;26.01.2024 17:03;
2370;26.01.2024 17:03;
2371;26.01.2024 17:03;
2372;26.01.2024 17:03;
2373;26.01.2024 17:03;
2374;26.01.2024 17:03;
2375;26.01.2024 17:03;
2376;26.01.2024 17:03;
2377;26.01.2024 17:03;
2378;2024-01-26 17:03:12.017;
2379;2024-01-26 17:03:12.044;
2380;2024-01-26 17:03:12.079;
2381;26.01.2024 17:03;
2382;26.01.2024 17:03;
2383;26.01.2024 17:03;
2384;26.01.2024 17:03;
2385;26.01.2024 17:03;
2386;26.01.2024 17:03;
2387;26.01.2024 17:03;
2388;26.01.2024 17:03;
2389;26.01.2024 17:03;
2390;26.01.2024 17:03;
2391;26.01.2024 17:03;
2392;26.01.2024 17:03;
2393;26.01.2024 17:03;
2394;26.01.2024 17:03;
2395;26.01.2024 17:03;
2396;26.01.2024 17:03;
2397;26.01.2024 17:03;
2398;26.01.2024 17:03;
2399;26.01.2024 17:03;
2400;26.01.2024 17:03;
2401;26.01.2024 17:03;
2402;26.01.2024 17:03;
2403;26.01.2024 17:03;
2404;26.01.2024 17:03;
2405;26.01.2024 17:03;
2406;26.01.2024 17:03;
2407;26.01.2024 17:03;
2408;2024-01-26 17:03:13.022;
2409;2024-01-26 17:03:13.055;
2410;2024-01-26 17:03:13.091;
2411;26.01.2024 17:03;
2412;26.01.2024 17:03;
2413;26.01.2024 17:03;
2414;26.01.2024 17:03;
2415;26.01.2024 17:03;
2416;26.01.2024 17:03;
2417;26.01.2024 17:03;
2418;26.01.2024 17:03;
2419;26.01.2024 17:03;
2420;26.01.2024 17:03;
2421;26.01.2024 17:03;
2422;26.01.2024 17:03;
2423;26.01.2024 17:03;
2424;26.01.2024 17:03;
2425;26.01.2024 17:03;
2426;26.01.2024 17:03;
2427;26.01.2024 17:03;
2428;26.01.2024 17:03;
2429;26.01.2024 17:03;
2430;26.01.2024 17:03;
2431;26.01.2024 17:03;
2432;26.01.2024 17:03;
2433;26.01.2024 17:03;
2434;26.01.2024 17:03;
2435;26.01.2024 17:03;
2436;26.01.2024 17:03;
2437;2024-01-26 17:03:14.032;
2438;2024-01-26 17:03:14.069;
2439;26.01.2024 17:03;
2440;26.01.2024 17:03;
2441;26.01.2024 17:03;
2442;26.01.2024 17:03;
2443;26.01.2024 17:03;
2444;26.01.2024 17:03;
2445;26.01.2024 17:03;
2446;26.01.2024 17:03;
2447;26.01.2024 17:03;
2448;26.01.2024 17:03;
2449;26.01.2024 17:03;
2450;26.01.2024 17:03;
2451;26.01.2024 17:03;
2452;26.01.2024 17:03;
2453;26.01.2024 17:03;
2454;26.01.2024 17:03;
2455;26.01.2024 17:03;
2456;26.01.2024 17:03;
2457;26.01.2024 17:03;
2458;26.01.2024 17:03;
2459;26.01.2024 17:03;
2460;26.01.2024 17:03;
2461;26.01.2024 17:03;
2462;26.01.2024 17:03;
2463;26.01.2024 17:03;
2464;26.01.2024 17:03;
2465;26.01.2024 17:03;
2466;2024-01-26 17:03:15.016;
2467;2024-01-26 17:03:15.050;
2468;2024-01-26 17:03:15.086;
2469;26.01.2024 17:03;
2470;26.01.2024 17:03;
2471;26.01.2024 17:03;
2472;26.01.2024 17:03;
2473;26.01.2024 17:03;
2474;26.01.2024 17:03;
2475;26.01.2024 17:03;
2476;26.01.2024 17:03;
2477;26.01.2024 17:03;
2478;26.01.2024 17:03;
2479;26.01.2024 17:03;
2480;26.01.2024 17:03;
2481;26.01.2024 17:03;
2482;26.01.2024 17:03;
2483;26.01.2024 17:03;
2484;26.01.2024 17:03;
2485;26.01.2024 17:03;
2486;26.01.2024 17:03;
2487;26.01.2024 17:03;
2488;26.01.2024 17:03;
2489;26.01.2024 17:03;
2490;26.01.2024 17:03;
2491;26.01.2024 17:03;
2492;26.01.2024 17:03;
2493;26.01.2024 17:03;
2494;26.01.2024 17:03;
2495;26.01.2024 17:03;
2496;2024-01-26 17:03:16.014;
2497;2024-01-26 17:03:16.059;
2498;2024-01-26 17:03:16.081;
2499;26.01.2024 17:03;
2500;26.01.2024 17:03;
2501;26.01.2024 17:03;
2502;26.01.2024 17:03;
2503;26.01.2024 17:03;
2504;26.01.2024 17:03;
2505;26.01.2024 17:03;
2506;26.01.2024 17:03;
2507;26.01.2024 17:03;
2508;26.01.2024 17:03;
2509;26.01.2024 17:03;
2510;26.01.2024 17:03;
2511;26.01.2024 17:03;
2512;26.01.2024 17:03;
2513;26.01.2024 17:03;
2514;26.01.2024 17:03;
2515;26.01.2024 17:03;
2516;26.01.2024 17:03;
2517;26.01.2024 17:03;
2518;26.01.2024 17:03;
2519;2024-01-26 17:03:17.023;
2520;2024-01-26 17:03:17.052;
2521;2024-01-26 17:03:17.084;
2522;26.01.2024 17:03;
2523;26.01.2024 17:03;
2524;26.01.2024 17:03;
2525;26.01.2024 17:03;
2526;26.01.2024 17:03;
2527;26.01.2024 17:03;
2528;26.01.2024 17:03;
2529;26.01.2024 17:03;
2530;26.01.2024 17:03;
2531;26.01.2024 17:03;
2532;26.01.2024 17:03;
2533;26.01.2024 17:03;
2534;26.01.2024 17:03;
2535;26.01.2024 17:03;
2536;26.01.2024 17:03;
2537;26.01.2024 17:03;
2538;26.01.2024 17:03;
2539;26.01.2024 17:03;
2540;26.01.2024 17:03;
2541;26.01.2024 17:03;
2542;26.01.2024 17:03;
2543;26.01.2024 17:03;
2544;26.01.2024 17:03;
2545;26.01.2024 17:03;
2546;26.01.2024 17:03;
2547;26.01.2024 17:03;
2548;2024-01-26 17:03:18.031;
2549;2024-01-26 17:03:18.065;
2550;2024-01-26 17:03:18.097;
2551;26.01.2024 17:03;
2552;26.01.2024 17:03;
2553;26.01.2024 17:03;
2554;26.01.2024 17:03;
2555;26.01.2024 17:03;
2556;26.01.2024 17:03;
2557;26.01.2024 17:03;
2558;26.01.2024 17:03;
2559;26.01.2024 17:03;
2560;26.01.2024 17:03;
2561;26.01.2024 17:03;
2562;26.01.2024 17:03;
2563;26.01.2024 17:03;
2564;26.01.2024 17:03;
2565;26.01.2024 17:03;
2566;26.01.2024 17:03;
2567;26.01.2024 17:03;
2568;26.01.2024 17:03;
2569;26.01.2024 17:03;
2570;26.01.2024 17:03;
2571;26.01.2024 17:03;
2572;26.01.2024 17:03;
2573;26.01.2024 17:03;
2574;26.01.2024 17:03;
2575;26.01.2024 17:03;
2576;26.01.2024 17:03;
2577;2024-01-26 17:03:19.014;
2578;2024-01-26 17:03:19.046;
2579;2024-01-26 17:03:19.081;
2580;26.01.2024 17:03;
2581;26.01.2024 17:03;
2582;26.01.2024 17:03;
2583;26.01.2024 17:03;
2584;26.01.2024 17:03;
2585;26.01.2024 17:03;
2586;26.01.2024 17:03;
2587;26.01.2024 17:03;
2588;26.01.2024 17:03;
2589;26.01.2024 17:03;
2590;26.01.2024 17:03;
2591;26.01.2024 17:03;
2592;26.01.2024 17:03;
2593;26.01.2024 17:03;
2594;26.01.2024 17:03;
2595;26.01.2024 17:03;
2596;26.01.2024 17:03;
2597;26.01.2024 17:03;
2598;26.01.2024 17:03;
2599;26.01.2024 17:03;
2600;26.01.2024 17:03;
2601;26.01.2024 17:03;
2602;26.01.2024 17:03;
2603;26.01.2024 17:03;
2604;26.01.2024 17:03;
2605;26.01.2024 17:03;
2606;26.01.2024 17:03;
2607;2024-01-26 17:03:20.029;
2608;2024-01-26 17:03:20.061;
2609;2024-01-26 17:03:20.098;
2610;26.01.2024 17:03;
2611;26.01.2024 17:03;
2612;26.01.2024 17:03;
2613;26.01.2024 17:03;
2614;26.01.2024 17:03;
2615;26.01.2024 17:03;
2616;26.01.2024 17:03;
2617;26.01.2024 17:03;
2618;26.01.2024 17:03;
2619;26.01.2024 17:03;
2620;26.01.2024 17:03;
2621;26.01.2024 17:03;
2622;26.01.2024 17:03;
2623;26.01.2024 17:03;
2624;26.01.2024 17:03;
2625;26.01.2024 17:03;
2626;26.01.2024 17:03;
2627;26.01.2024 17:03;
2628;26.01.2024 17:03;
2629;26.01.2024 17:03;
2630;26.01.2024 17:03;
2631;26.01.2024 17:03;
2632;26.01.2024 17:03;
2633;26.01.2024 17:03;
2634;26.01.2024 17:03;
2635;26.01.2024 17:03;
2636;2024-01-26 17:03:21.008;
2637;2024-01-26 17:03:21.040;
2638;2024-01-26 17:03:21.087;
2639;26.01.2024 17:03;
2640;26.01.2024 17:03;
2641;26.01.2024 17:03;
2642;26.01.2024 17:03;
2643;26.01.2024 17:03;
2644;26.01.2024 17:03;
2645;26.01.2024 17:03;
2646;26.01.2024 17:03;
2647;26.01.2024 17:03;
2648;26.01.2024 17:03;
2649;26.01.2024 17:03;
2650;26.01.2024 17:03;
2651;26.01.2024 17:03;
2652;26.01.2024 17:03;
2653;26.01.2024 17:03;
2654;26.01.2024 17:03;
2655;26.01.2024 17:03;
2656;26.01.2024 17:03;
2657;26.01.2024 17:03;
2658;26.01.2024 17:03;
2659;26.01.2024 17:03;
2660;26.01.2024 17:03;
2661;26.01.2024 17:03;
2662;26.01.2024 17:03;
2663;26.01.2024 17:03;
2664;26.01.2024 17:03;
2665;26.01.2024 17:03;
2666;2024-01-26 17:03:22.026;
2667;2024-01-26 17:03:22.075;
2668;26.01.2024 17:03;
2669;26.01.2024 17:03;
2670;26.01.2024 17:03;
2671;26.01.2024 17:03;
2672;26.01.2024 17:03;
2673;26.01.2024 17:03;
2674;26.01.2024 17:03;
2675;26.01.2024 17:03;
2676;26.01.2024 17:03;
2677;26.01.2024 17:03;
2678;26.01.2024 17:03;
2679;26.01.2024 17:03;
2680;26.01.2024 17:03;
2681;26.01.2024 17:03;
2682;26.01.2024 17:03;
2683;26.01.2024 17:03;
2684;26.01.2024 17:03;
2685;26.01.2024 17:03;
2686;26.01.2024 17:03;
2687;26.01.2024 17:03;
2688;26.01.2024 17:03;
2689;26.01.2024 17:03;
2690;26.01.2024 17:03;
2691;26.01.2024 17:03;
2692;26.01.2024 17:03;
2693;26.01.2024 17:03;
2694;26.01.2024 17:03;
2695;2024-01-26 17:03:23.010;
2696;2024-01-26 17:03:23.041;
2697;2024-01-26 17:03:23.078;
2698;26.01.2024 17:03;
2699;26.01.2024 17:03;
2700;26.01.2024 17:03;
2701;26.01.2024 17:03;
2702;26.01.2024 17:03;
2703;26.01.2024 17:03;
2704;26.01.2024 17:03;
2705;26.01.2024 17:03;
2706;26.01.2024 17:03;
2707;26.01.2024 17:03;
2708;26.01.2024 17:03;
2709;26.01.2024 17:03;
2710;26.01.2024 17:03;
2711;26.01.2024 17:03;
2712;26.01.2024 17:03;
2713;26.01.2024 17:03;
2714;26.01.2024 17:03;
2715;26.01.2024 17:03;
2716;26.01.2024 17:03;
2717;26.01.2024 17:03;
2718;26.01.2024 17:03;
2719;26.01.2024 17:03;
2720;26.01.2024 17:03;
2721;26.01.2024 17:03;
2722;26.01.2024 17:03;
2723;26.01.2024 17:03;
2724;26.01.2024 17:03;
2725;2024-01-26 17:03:24.015;
2726;2024-01-26 17:03:24.059;
2727;2024-01-26 17:03:24.093;
2728;26.01.2024 17:03;
2729;26.01.2024 17:03;
2730;26.01.2024 17:03;
2731;26.01.2024 17:03;
2732;26.01.2024 17:03;
2733;26.01.2024 17:03;
2734;26.01.2024 17:03;
2735;26.01.2024 17:03;
2736;26.01.2024 17:03;
2737;26.01.2024 17:03;
2738;26.01.2024 17:03;
2739;26.01.2024 17:03;
2740;26.01.2024 17:03;
2741;26.01.2024 17:03;
2742;26.01.2024 17:03;
2743;26.01.2024 17:03;
2744;26.01.2024 17:03;
2745;26.01.2024 17:03;
2746;26.01.2024 17:03;
2747;26.01.2024 17:03;
2748;26.01.2024 17:03;
2749;26.01.2024 17:03;
2750;26.01.2024 17:03;
2751;26.01.2024 17:03;
2752;26.01.2024 17:03;
2753;2024-01-26 17:03:25.036;
2754;2024-01-26 17:03:25.058;
2755;26.01.2024 17:03;
2756;26.01.2024 17:03;
2757;26.01.2024 17:03;
2758;26.01.2024 17:03;
2759;26.01.2024 17:03;
2760;26.01.2024 17:03;
2761;26.01.2024 17:03;
2762;26.01.2024 17:03;
2763;26.01.2024 17:03;
2764;26.01.2024 17:03;
2765;26.01.2024 17:03;
2766;26.01.2024 17:03;
2767;26.01.2024 17:03;
2768;26.01.2024 17:03;
2769;26.01.2024 17:03;
2770;26.01.2024 17:03;
2771;26.01.2024 17:03;
2772;26.01.2024 17:03;
2773;26.01.2024 17:03;
2774;26.01.2024 17:03;
2775;26.01.2024 17:03;
2776;26.01.2024 17:03;
2777;26.01.2024 17:03;
2778;26.01.2024 17:03;
2779;26.01.2024 17:03;
2780;2024-01-26 17:03:26.028;
2781;2024-01-26 17:03:26.072;
2782;26.01.2024 17:03;
2783;26.01.2024 17:03;
2784;26.01.2024 17:03;
2785;26.01.2024 17:03;
2786;26.01.2024 17:03;
2787;26.01.2024 17:03;
2788;26.01.2024 17:03;
2789;26.01.2024 17:03;
2790;26.01.2024 17:03;
2791;26.01.2024 17:03;
2792;26.01.2024 17:03;
2793;26.01.2024 17:03;
2794;26.01.2024 17:03;
2795;26.01.2024 17:03;
2796;26.01.2024 17:03;
2797;26.01.2024 17:03;
2798;26.01.2024 17:03;
2799;26.01.2024 17:03;
2800;26.01.2024 17:03;
2801;26.01.2024 17:03;
2802;26.01.2024 17:03;
2803;26.01.2024 17:03;
2804;26.01.2024 17:03;
2805;26.01.2024 17:03;
2806;26.01.2024 17:03;
2807;2024-01-26 17:03:27.003;
2808;2024-01-26 17:03:27.041;
2809;2024-01-26 17:03:27.089;
2810;26.01.2024 17:03;
2811;26.01.2024 17:03;
2812;26.01.2024 17:03;
2813;26.01.2024 17:03;
2814;26.01.2024 17:03;
2815;26.01.2024 17:03;
2816;26.01.2024 17:03;
2817;26.01.2024 17:03;
2818;26.01.2024 17:03;
2819;26.01.2024 17:03;
2820;26.01.2024 17:03;
2821;26.01.2024 17:03;
2822;26.01.2024 17:03;
2823;26.01.2024 17:03;
2824;26.01.2024 17:03;
2825;26.01.2024 17:03;
2826;26.01.2024 17:03;
2827;26.01.2024 17:03;
2828;26.01.2024 17:03;
2829;26.01.2024 17:03;
2830;26.01.2024 17:03;
2831;26.01.2024 17:03;
2832;26.01.2024 17:03;
2833;26.01.2024 17:03;
2834;2024-01-26 17:03:28.005;
2835;2024-01-26 17:03:28.044;
2836;2024-01-26 17:03:28.072;
2837;26.01.2024 17:03;
2838;26.01.2024 17:03;
2839;26.01.2024 17:03;
2840;26.01.2024 17:03;
2841;26.01.2024 17:03;
2842;26.01.2024 17:03;
2843;26.01.2024 17:03;
2844;26.01.2024 17:03;
2845;26.01.2024 17:03;
2846;26.01.2024 17:03;
2847;26.01.2024 17:03;
2848;26.01.2024 17:03;
2849;26.01.2024 17:03;
2850;26.01.2024 17:03;
2851;26.01.2024 17:03;
2852;26.01.2024 17:03;
2853;26.01.2024 17:03;
2854;26.01.2024 17:03;
2855;26.01.2024 17:03;
2856;26.01.2024 17:03;
2857;26.01.2024 17:03;
2858;26.01.2024 17:03;
2859;26.01.2024 17:03;
2860;2024-01-26 17:03:29.004;
2861;2024-01-26 17:03:29.050;
2862;26.01.2024 17:03;
2863;26.01.2024 17:03;
2864;26.01.2024 17:03;
2865;26.01.2024 17:03;
2866;26.01.2024 17:03;
2867;26.01.2024 17:03;
2868;26.01.2024 17:03;
2869;26.01.2024 17:03;
2870;26.01.2024 17:03;
2871;26.01.2024 17:03;
2872;26.01.2024 17:03;
2873;26.01.2024 17:03;
2874;26.01.2024 17:03;
2875;26.01.2024 17:03;
2876;26.01.2024 17:03;
2877;26.01.2024 17:03;
2878;26.01.2024 17:03;
2879;26.01.2024 17:03;
2880;26.01.2024 17:03;
2881;26.01.2024 17:03;
2882;26.01.2024 17:03;
2883;26.01.2024 17:03;
2884;26.01.2024 17:03;
2885;26.01.2024 17:03;
2886;26.01.2024 17:03;
2887;2024-01-26 17:03:30.029;
2888;2024-01-26 17:03:30.068;
2889;26.01.2024 17:03;
2890;26.01.2024 17:03;
2891;26.01.2024 17:03;
2892;26.01.2024 17:03;
2893;26.01.2024 17:03;
2894;26.01.2024 17:03;
2895;26.01.2024 17:03;
2896;26.01.2024 17:03;
2897;26.01.2024 17:03;
2898;26.01.2024 17:03;
2899;26.01.2024 17:03;
2900;26.01.2024 17:03;
2901;26.01.2024 17:03;
2902;26.01.2024 17:03;
2903;26.01.2024 17:03;
2904;26.01.2024 17:03;
2905;26.01.2024 17:03;
2906;26.01.2024 17:03;
2907;26.01.2024 17:03;
2908;26.01.2024 17:03;
2909;26.01.2024 17:03;
2910;26.01.2024 17:03;
2911;26.01.2024 17:03;
2912;26.01.2024 17:03;
2913;26.01.2024 17:03;
2914;2024-01-26 17:03:31.016;
2915;2024-01-26 17:03:31.053;
2916;2024-01-26 17:03:31.081;
2917;26.01.2024 17:03;
2918;26.01.2024 17:03;
2919;26.01.2024 17:03;
2920;26.01.2024 17:03;
2921;26.01.2024 17:03;
2922;26.01.2024 17:03;
2923;26.01.2024 17:03;
2924;26.01.2024 17:03;
2925;26.01.2024 17:03;
2926;26.01.2024 17:03;
2927;26.01.2024 17:03;
2928;26.01.2024 17:03;
2929;26.01.2024 17:03;
2930;26.01.2024 17:03;
2931;26.01.2024 17:03;
2932;26.01.2024 17:03;
2933;26.01.2024 17:03;
2934;26.01.2024 17:03;
2935;26.01.2024 17:03;
2936;26.01.2024 17:03;
2937;26.01.2024 17:03;
2938;26.01.2024 17:03;
2939;26.01.2024 17:03;
2940;26.01.2024 17:03;
2941;26.01.2024 17:03;
2942;26.01.2024 17:03;
2943;2024-01-26 17:03:32.013;
2944;2024-01-26 17:03:32.054;
2945;2024-01-26 17:03:32.086;
2946;26.01.2024 17:03;
2947;26.01.2024 17:03;
2948;26.01.2024 17:03;
2949;26.01.2024 17:03;
2950;26.01.2024 17:03;
2951;26.01.2024 17:03;
2952;26.01.2024 17:03;
2953;26.01.2024 17:03;
2954;26.01.2024 17:03;
2955;26.01.2024 17:03;
2956;26.01.2024 17:03;
2957;26.01.2024 17:03;
2958;26.01.2024 17:03;
2959;26.01.2024 17:03;
2960;26.01.2024 17:03;
2961;26.01.2024 17:03;
2962;26.01.2024 17:03;
2963;26.01.2024 17:03;
2964;26.01.2024 17:03;
2965;26.01.2024 17:03;
2966;26.01.2024 17:03;
2967;26.01.2024 17:03;
2968;26.01.2024 17:03;
2969;26.01.2024 17:03;
2970;26.01.2024 17:03;
2971;2024-01-26 17:03:33.003;
2972;2024-01-26 17:03:33.036;
2973;2024-01-26 17:03:33.069;
2974;26.01.2024 17:03;
2975;26.01.2024 17:03;
2976;26.01.2024 17:03;
2977;26.01.2024 17:03;
2978;26.01.2024 17:03;
2979;26.01.2024 17:03;
2980;26.01.2024 17:03;
2981;26.01.2024 17:03;
2982;26.01.2024 17:03;
2983;26.01.2024 17:03;
2984;26.01.2024 17:03;
2985;26.01.2024 17:03;
2986;26.01.2024 17:03;
2987;26.01.2024 17:03;
2988;26.01.2024 17:03;
2989;26.01.2024 17:03;
2990;26.01.2024 17:03;
2991;26.01.2024 17:03;
2992;26.01.2024 17:03;
2993;26.01.2024 17:03;
2994;26.01.2024 17:03;
2995;26.01.2024 17:03;
2996;26.01.2024 17:03;
2997;26.01.2024 17:03;
2998;26.01.2024 17:03;
2999;26.01.2024 17:03;
3000;26.01.2024 17:03;
3001;2024-01-26 17:03:34.000;
3002;2024-01-26 17:03:34.050;
3003;2024-01-26 17:03:34.092;
3004;26.01.2024 17:03;
3005;26.01.2024 17:03;
3006;26.01.2024 17:03;
3007;26.01.2024 17:03;
3008;26.01.2024 17:03;
3009;26.01.2024 17:03;
3010;26.01.2024 17:03;
3011;26.01.2024 17:03;
3012;26.01.2024 17:03;
3013;26.01.2024 17:03;
3014;26.01.2024 17:03;
3015;26.01.2024 17:03;
3016;26.01.2024 17:03;
3017;26.01.2024 17:03;
3018;26.01.2024 17:03;
3019;26.01.2024 17:03;
3020;26.01.2024 17:03;
3021;26.01.2024 17:03;
3022;26.01.2024 17:03;
3023;26.01.2024 17:03;
3024;26.01.2024 17:03;
3025;26.01.2024 17:03;
3026;26.01.2024 17:03;
3027;26.01.2024 17:03;
3028;26.01.2024 17:03;
3029;26.01.2024 17:03;
3030;2024-01-26 17:03:35.009;
3031;2024-01-26 17:03:35.047;
3032;2024-01-26 17:03:35.081;
3033;26.01.2024 17:03;
3034;26.01.2024 17:03;
3035;26.01.2024 17:03;
3036;26.01.2024 17:03;
3037;26.01.2024 17:03;
3038;26.01.2024 17:03;
3039;26.01.2024 17:03;
3040;26.01.2024 17:03;
3041;26.01.2024 17:03;
3042;26.01.2024 17:03;
3043;26.01.2024 17:03;
3044;26.01.2024 17:03;
3045;26.01.2024 17:03;
3046;26.01.2024 17:03;
3047;26.01.2024 17:03;
3048;26.01.2024 17:03;
3049;26.01.2024 17:03;
3050;26.01.2024 17:03;
3051;26.01.2024 17:03;
3052;26.01.2024 17:03;
3053;26.01.2024 17:03;
3054;26.01.2024 17:03;
3055;26.01.2024 17:03;
3056;26.01.2024 17:03;
3057;26.01.2024 17:03;
3058;26.01.2024 17:03;
3059;26.01.2024 17:03;
3060;2024-01-26 17:03:36.016;
3061;2024-01-26 17:03:36.042;
3062;2024-01-26 17:03:36.081;
3063;26.01.2024 17:03;
3064;26.01.2024 17:03;
3065;26.01.2024 17:03;
3066;26.01.2024 17:03;
3067;26.01.2024 17:03;
3068;26.01.2024 17:03;
3069;26.01.2024 17:03;
3070;26.01.2024 17:03;
3071;26.01.2024 17:03;
3072;26.01.2024 17:03;
3073;26.01.2024 17:03;
3074;26.01.2024 17:03;
3075;26.01.2024 17:03;
3076;26.01.2024 17:03;
3077;26.01.2024 17:03;
3078;26.01.2024 17:03;
3079;26.01.2024 17:03;
3080;;
